pokedex,name,generation,status,type_1,type_2,height_m,weight_kg,ability_1,ability_2,hp,attack,defense,speed,catch_rate
1,Bulbasaur,1,Normal,Grass,Poison,0.7,6.9,Overgrow,,45,49,49,45,45
2,Ivysaur,1,Normal,Grass,Poison,1,13,Overgrow,,60,62,63,60,45
3,Venusaur,1,Normal,Grass,Poison,2,100,Overgrow,,80,82,83,80,45
3,Mega Venusaur,1,Normal,Grass,Poison,2.4,155.5,Thick Fat,,80,100,123,80,45
4,Charmander,1,Normal,Fire,,0.6,8.5,Blaze,,39,52,43,65,45
5,Charmeleon,1,Normal,Fire,,1.1,19,Blaze,,58,64,58,80,45
6,Charizard,1,Normal,Fire,Flying,1.7,90.5,Blaze,,78,84,78,100,45
6,Mega Charizard X,1,Normal,Fire,Dragon,1.7,110.5,Tough Claws,,78,130,111,100,45
6,Mega Charizard Y,1,Normal,Fire,Flying,1.7,100.5,Drought,,78,104,78,100,45
7,Squirtle,1,Normal,Water,,0.5,9,Torrent,,44,48,65,43,45
8,Wartortle,1,Normal,Water,,1,22.5,Torrent,,59,63,80,58,45
9,Blastoise,1,Normal,Water,,1.6,85.5,Torrent,,79,83,100,78,45
9,Mega Blastoise,1,Normal,Water,,1.6,101.1,Mega Launcher,,79,103,120,78,45
10,Caterpie,1,Normal,Bug,,0.3,2.9,Shield Dust,,45,30,35,45,255
11,Metapod,1,Normal,Bug,,0.7,9.9,Shed Skin,,50,20,55,30,120
12,Butterfree,1,Normal,Bug,Flying,1.1,32,Compound Eyes,,60,45,50,70,45
13,Weedle,1,Normal,Bug,Poison,0.3,3.2,Shield Dust,,40,35,30,50,255
14,Kakuna,1,Normal,Bug,Poison,0.6,10,Shed Skin,,45,25,50,35,120
15,Beedrill,1,Normal,Bug,Poison,1,29.5,Swarm,,65,90,40,75,45
15,Mega Beedrill,1,Normal,Bug,Poison,1.4,40.5,Adaptability,,65,150,40,145,45
16,Pidgey,1,Normal,Normal,Flying,0.3,1.8,Keen Eye,Tangled Feet,40,45,40,56,255
17,Pidgeotto,1,Normal,Normal,Flying,1.1,30,Keen Eye,Tangled Feet,63,60,55,71,120
18,Pidgeot,1,Normal,Normal,Flying,1.5,39.5,Keen Eye,Tangled Feet,83,80,75,101,45
18,Mega Pidgeot,1,Normal,Normal,Flying,2.2,50.5,No Guard,,83,80,80,121,45
19,Rattata,1,Normal,Normal,,0.3,3.5,Run Away,Guts,30,56,35,72,255
19,Alolan Rattata,1,Normal,Dark,Normal,0.3,3.8,Gluttony,Hustle,30,56,35,72,255
20,Raticate,1,Normal,Normal,,0.7,18.5,Run Away,Guts,55,81,60,97,127
20,Alolan Raticate,1,Normal,Dark,Normal,0.7,25.5,Gluttony,Hustle,75,71,70,77,127
21,Spearow,1,Normal,Normal,Flying,0.3,2,Keen Eye,,40,60,30,70,255
22,Fearow,1,Normal,Normal,Flying,1.2,38,Keen Eye,,65,90,65,100,90
23,Ekans,1,Normal,Poison,,2,6.9,Intimidate,Shed Skin,35,60,44,55,255
24,Arbok,1,Normal,Poison,,3.5,65,Intimidate,Shed Skin,60,95,69,80,90
25,Pikachu,1,Normal,Electric,,0.4,6,Static,,35,55,40,90,190
25,Partner Pikachu,1,Normal,Electric,,0.4,6,,,45,80,50,120,190
26,Raichu,1,Normal,Electric,,0.8,30,Static,,60,90,55,110,75
26,Alolan Raichu,1,Normal,Electric,Psychic,0.7,21,Surge Surfer,,60,85,50,110,75
27,Sandshrew,1,Normal,Ground,,0.6,12,Sand Veil,,50,75,85,40,255
27,Alolan Sandshrew,1,Normal,Ice,Steel,0.7,40,Snow Cloak,,50,75,90,40,255
28,Sandslash,1,Normal,Ground,,1,29.5,Sand Veil,,75,100,110,65,90
28,Alolan Sandslash,1,Normal,Ice,Steel,1.2,55,Snow Cloak,,75,100,120,65,90
29,Nidoran♀,1,Normal,Poison,,0.4,7,Poison Point,Rivalry,55,47,52,41,235
30,Nidorina,1,Normal,Poison,,0.8,20,Poison Point,Rivalry,70,62,67,56,120
31,Nidoqueen,1,Normal,Poison,Ground,1.3,60,Poison Point,Rivalry,90,92,87,76,45
32,Nidoran♂,1,Normal,Poison,,0.5,9,Poison Point,Rivalry,46,57,40,50,235
33,Nidorino,1,Normal,Poison,,0.9,19.5,Poison Point,Rivalry,61,72,57,65,120
34,Nidoking,1,Normal,Poison,Ground,1.4,62,Poison Point,Rivalry,81,102,77,85,45
35,Clefairy,1,Normal,Fairy,,0.6,7.5,Cute Charm,Magic Guard,70,45,48,35,150
36,Clefable,1,Normal,Fairy,,1.3,40,Cute Charm,Magic Guard,95,70,73,60,25
37,Vulpix,1,Normal,Fire,,0.6,9.9,Flash Fire,,38,41,40,65,190
37,Alolan Vulpix,1,Normal,Ice,,0.6,9.9,Snow Cloak,,38,41,40,65,190
38,Ninetales,1,Normal,Fire,,1.1,19.9,Flash Fire,,73,76,75,100,75
38,Alolan Ninetales,1,Normal,Ice,Fairy,1.1,19.9,Snow Cloak,,73,67,75,109,75
39,Jigglypuff,1,Normal,Normal,Fairy,0.5,5.5,Cute Charm,Competitive,115,45,20,20,170
40,Wigglytuff,1,Normal,Normal,Fairy,1,12,Cute Charm,Competitive,140,70,45,45,50
41,Zubat,1,Normal,Poison,Flying,0.8,7.5,Inner Focus,,40,45,35,55,255
42,Golbat,1,Normal,Poison,Flying,1.6,55,Inner Focus,,75,80,70,90,90
43,Oddish,1,Normal,Grass,Poison,0.5,5.4,Chlorophyll,,45,50,55,30,255
44,Gloom,1,Normal,Grass,Poison,0.8,8.6,Chlorophyll,,60,65,70,40,120
45,Vileplume,1,Normal,Grass,Poison,1.2,18.6,Chlorophyll,,75,80,85,50,45
46,Paras,1,Normal,Bug,Grass,0.3,5.4,Effect Spore,Dry Skin,35,70,55,25,190
47,Parasect,1,Normal,Bug,Grass,1,29.5,Effect Spore,Dry Skin,60,95,80,30,75
48,Venonat,1,Normal,Bug,Poison,1,30,Compound Eyes,Tinted Lens,60,55,50,45,190
49,Venomoth,1,Normal,Bug,Poison,1.5,12.5,Shield Dust,Tinted Lens,70,65,60,90,75
50,Diglett,1,Normal,Ground,,0.2,0.8,Sand Veil,Arena Trap,10,55,25,95,255
50,Alolan Diglett,1,Normal,Ground,Steel,0.2,1,Sand Veil,Tangling Hair,10,55,30,90,255
51,Dugtrio,1,Normal,Ground,,0.7,33.3,Sand Veil,Arena Trap,35,100,50,120,50
51,Alolan Dugtrio,1,Normal,Ground,Steel,0.7,66.6,Sand Veil,Tangling Hair,35,100,60,110,50
52,Meowth,1,Normal,Normal,,0.4,4.2,Pickup,Technician,40,45,35,90,255
52,Alolan Meowth,1,Normal,Dark,,0.4,4.2,Pickup,Technician,40,35,35,90,255
52,Galarian Meowth,1,Normal,Steel,,0.4,7.5,Pickup,Tough Claws,50,65,55,40,
53,Persian,1,Normal,Normal,,1,32,Limber,Technician,65,70,60,115,90
53,Alolan Persian,1,Normal,Dark,,1.1,33,Fur Coat,Technician,65,60,60,115,90
54,Psyduck,1,Normal,Water,,0.8,19.6,Damp,Cloud Nine,50,52,48,55,190
55,Golduck,1,Normal,Water,,1.7,76.6,Damp,Cloud Nine,80,82,78,85,75
56,Mankey,1,Normal,Fighting,,0.5,28,Vital Spirit,Anger Point,40,80,35,70,190
57,Primeape,1,Normal,Fighting,,1,32,Vital Spirit,Anger Point,65,105,60,95,75
58,Growlithe,1,Normal,Fire,,0.7,19,Intimidate,Flash Fire,55,70,45,60,190
59,Arcanine,1,Normal,Fire,,1.9,155,Intimidate,Flash Fire,90,110,80,95,75
60,Poliwag,1,Normal,Water,,0.6,12.4,Water Absorb,Damp,40,50,40,90,255
61,Poliwhirl,1,Normal,Water,,1,20,Water Absorb,Damp,65,65,65,90,120
62,Poliwrath,1,Normal,Water,Fighting,1.3,54,Water Absorb,Damp,90,95,95,70,45
63,Abra,1,Normal,Psychic,,0.9,19.5,Synchronize,Inner Focus,25,20,15,90,200
64,Kadabra,1,Normal,Psychic,,1.3,56.5,Synchronize,Inner Focus,40,35,30,105,100
65,Alakazam,1,Normal,Psychic,,1.5,48,Synchronize,Inner Focus,55,50,45,120,50
65,Mega Alakazam,1,Normal,Psychic,,1.2,48,Trace,,55,50,65,150,50
66,Machop,1,Normal,Fighting,,0.8,19.5,Guts,No Guard,70,80,50,35,180
67,Machoke,1,Normal,Fighting,,1.5,70.5,Guts,No Guard,80,100,70,45,90
68,Machamp,1,Normal,Fighting,,1.6,130,Guts,No Guard,90,130,80,55,45
69,Bellsprout,1,Normal,Grass,Poison,0.7,4,Chlorophyll,,50,75,35,40,255
70,Weepinbell,1,Normal,Grass,Poison,1,6.4,Chlorophyll,,65,90,50,55,120
71,Victreebel,1,Normal,Grass,Poison,1.7,15.5,Chlorophyll,,80,105,65,70,45
72,Tentacool,1,Normal,Water,Poison,0.9,45.5,Clear Body,Liquid Ooze,40,40,35,70,190
73,Tentacruel,1,Normal,Water,Poison,1.6,55,Clear Body,Liquid Ooze,80,70,65,100,60
74,Geodude,1,Normal,Rock,Ground,0.4,20,Rock Head,Sturdy,40,80,100,20,255
74,Alolan Geodude,1,Normal,Rock,Electric,0.4,20.3,Magnet Pull,Sturdy,40,80,100,20,255
75,Graveler,1,Normal,Rock,Ground,1,105,Rock Head,Sturdy,55,95,115,35,120
75,Alolan Graveler,1,Normal,Rock,Electric,1,110,Magnet Pull,Sturdy,55,95,115,35,120
76,Golem,1,Normal,Rock,Ground,1.4,300,Rock Head,Sturdy,80,120,130,45,45
76,Alolan Golem,1,Normal,Rock,Electric,1.7,316,Magnet Pull,Sturdy,80,120,130,45,45
77,Ponyta,1,Normal,Fire,,1,30,Run Away,Flash Fire,50,85,55,90,190
77,Galarian Ponyta,1,Normal,Psychic,,0.8,24,Run Away,Pastel Veil,50,85,55,90,
78,Rapidash,1,Normal,Fire,,1.7,95,Run Away,Flash Fire,65,100,70,105,60
78,Galarian Rapidash,1,Normal,Psychic,Fairy,1.7,80,Run Away,Pastel Veil,65,100,70,105,
79,Slowpoke,1,Normal,Water,Psychic,1.2,36,Oblivious,Own Tempo,90,65,65,15,190
80,Slowbro,1,Normal,Water,Psychic,1.6,78.5,Oblivious,Own Tempo,95,75,110,30,75
80,Mega Slowbro,1,Normal,Water,Psychic,2,120,Shell Armor,,95,75,180,30,75
81,Magnemite,1,Normal,Electric,Steel,0.3,6,Magnet Pull,Sturdy,25,35,70,45,190
82,Magneton,1,Normal,Electric,Steel,1,60,Magnet Pull,Sturdy,50,60,95,70,60
83,Farfetch'd,1,Normal,Normal,Flying,0.8,15,Keen Eye,Inner Focus,52,90,55,60,45
83,Galarian Farfetch'd,1,Normal,Fighting,,0.8,42,Steadfast,,52,95,55,55,
84,Doduo,1,Normal,Normal,Flying,1.4,39.2,Run Away,Early Bird,35,85,45,75,190
85,Dodrio,1,Normal,Normal,Flying,1.8,85.2,Run Away,Early Bird,60,110,70,110,45
86,Seel,1,Normal,Water,,1.1,90,Thick Fat,Hydration,65,45,55,45,190
87,Dewgong,1,Normal,Water,Ice,1.7,120,Thick Fat,Hydration,90,70,80,70,75
88,Grimer,1,Normal,Poison,,0.9,30,Stench,Sticky Hold,80,80,50,25,190
88,Alolan Grimer,1,Normal,Poison,Dark,0.7,42,Poison Touch,Gluttony,80,80,50,25,190
89,Muk,1,Normal,Poison,,1.2,30,Stench,Sticky Hold,105,105,75,50,75
89,Alolan Muk,1,Normal,Poison,Dark,1,52,Poison Touch,Gluttony,105,105,75,50,75
90,Shellder,1,Normal,Water,,0.3,4,Shell Armor,Skill Link,30,65,100,40,190
91,Cloyster,1,Normal,Water,Ice,1.5,132.5,Shell Armor,Skill Link,50,95,180,70,60
92,Gastly,1,Normal,Ghost,Poison,1.3,0.1,Levitate,,30,35,30,80,190
93,Haunter,1,Normal,Ghost,Poison,1.6,0.1,Levitate,,45,50,45,95,90
94,Gengar,1,Normal,Ghost,Poison,1.5,40.5,Cursed Body,,60,65,60,110,45
94,Mega Gengar,1,Normal,Ghost,Poison,1.4,40.5,Shadow Tag,,60,65,80,130,45
95,Onix,1,Normal,Rock,Ground,8.8,210,Rock Head,Sturdy,35,45,160,70,45
96,Drowzee,1,Normal,Psychic,,1,32.4,Insomnia,Forewarn,60,48,45,42,190
97,Hypno,1,Normal,Psychic,,1.6,75.6,Insomnia,Forewarn,85,73,70,67,75
98,Krabby,1,Normal,Water,,0.4,6.5,Hyper Cutter,Shell Armor,30,105,90,50,225
99,Kingler,1,Normal,Water,,1.3,60,Hyper Cutter,Shell Armor,55,130,115,75,60
100,Voltorb,1,Normal,Electric,,0.5,10.4,Soundproof,Static,40,30,50,100,190
101,Electrode,1,Normal,Electric,,1.2,66.6,Soundproof,Static,60,50,70,150,60
102,Exeggcute,1,Normal,Grass,Psychic,0.4,2.5,Chlorophyll,,60,40,80,40,90
103,Exeggutor,1,Normal,Grass,Psychic,2,120,Chlorophyll,,95,95,85,55,45
103,Alolan Exeggutor,1,Normal,Grass,Dragon,10.9,415.6,Frisk,,95,105,85,45,45
104,Cubone,1,Normal,Ground,,0.4,6.5,Rock Head,Lightning Rod,50,50,95,35,190
105,Marowak,1,Normal,Ground,,1,45,Rock Head,Lightning Rod,60,80,110,45,75
105,Alolan Marowak,1,Normal,Fire,Ghost,1,34,Cursed Body,Lightning Rod,60,80,110,45,75
106,Hitmonlee,1,Normal,Fighting,,1.5,49.8,Limber,Reckless,50,120,53,87,45
107,Hitmonchan,1,Normal,Fighting,,1.4,50.2,Keen Eye,Iron Fist,50,105,79,76,45
108,Lickitung,1,Normal,Normal,,1.2,65.5,Own Tempo,Oblivious,90,55,75,30,45
109,Koffing,1,Normal,Poison,,0.6,1,Levitate,Neutralizing Gas,40,65,95,35,190
110,Weezing,1,Normal,Poison,,1.2,9.5,Levitate,Neutralizing Gas,65,90,120,60,60
110,Galarian Weezing,1,Normal,Poison,Fairy,3,16,Levitate,Neutralizing Gas,65,90,120,60,
111,Rhyhorn,1,Normal,Ground,Rock,1,115,Lightning Rod,Rock Head,80,85,95,25,120
112,Rhydon,1,Normal,Ground,Rock,1.9,120,Lightning Rod,Rock Head,105,130,120,40,60
113,Chansey,1,Normal,Normal,,1.1,34.6,Natural Cure,Serene Grace,250,5,5,50,30
114,Tangela,1,Normal,Grass,,1,35,Chlorophyll,Leaf Guard,65,55,115,60,45
115,Kangaskhan,1,Normal,Normal,,2.2,80,Early Bird,Scrappy,105,95,80,90,45
115,Mega Kangaskhan,1,Normal,Normal,,2.2,100,Parental Bond,,105,125,100,100,45
116,Horsea,1,Normal,Water,,0.4,8,Swift Swim,Sniper,30,40,70,60,225
117,Seadra,1,Normal,Water,,1.2,25,Poison Point,Sniper,55,65,95,85,75
118,Goldeen,1,Normal,Water,,0.6,15,Swift Swim,Water Veil,45,67,60,63,225
119,Seaking,1,Normal,Water,,1.3,39,Swift Swim,Water Veil,80,92,65,68,60
120,Staryu,1,Normal,Water,,0.8,34.5,Illuminate,Natural Cure,30,45,55,85,225
121,Starmie,1,Normal,Water,Psychic,1.1,80,Illuminate,Natural Cure,60,75,85,115,60
122,Mr. Mime,1,Normal,Psychic,Fairy,1.3,54.5,Soundproof,Filter,40,45,65,90,45
122,Galarian Mr. Mime,1,Normal,Psychic,Ice,1.4,56.8,Vital Spirit,Screen Cleaner,50,65,65,100,
123,Scyther,1,Normal,Bug,Flying,1.5,56,Swarm,Technician,70,110,80,105,45
124,Jynx,1,Normal,Ice,Psychic,1.4,40.6,Oblivious,Forewarn,65,50,35,95,45
125,Electabuzz,1,Normal,Electric,,1.1,30,Static,,65,83,57,105,45
126,Magmar,1,Normal,Fire,,1.3,44.5,Flame Body,,65,95,57,93,45
127,Pinsir,1,Normal,Bug,,1.5,55,Hyper Cutter,Mold Breaker,65,125,100,85,45
127,Mega Pinsir,1,Normal,Bug,Flying,1.7,59,Aerilate,,65,155,120,105,45
128,Tauros,1,Normal,Normal,,1.4,88.4,Intimidate,Anger Point,75,100,95,110,45
129,Magikarp,1,Normal,Water,,0.9,10,Swift Swim,,20,10,55,80,255
130,Gyarados,1,Normal,Water,Flying,6.5,235,Intimidate,,95,125,79,81,45
130,Mega Gyarados,1,Normal,Water,Dark,6.5,305,Mold Breaker,,95,155,109,81,45
131,Lapras,1,Normal,Water,Ice,2.5,220,Water Absorb,Shell Armor,130,85,80,60,45
132,Ditto,1,Normal,Normal,,0.3,4,Limber,,48,48,48,48,35
133,Eevee,1,Normal,Normal,,0.3,6.5,Run Away,Adaptability,55,55,50,55,45
133,Partner Eevee,1,Normal,Normal,,0.3,6.5,,,65,75,70,75,45
134,Vaporeon,1,Normal,Water,,1,29,Water Absorb,,130,65,60,65,45
135,Jolteon,1,Normal,Electric,,0.8,24.5,Volt Absorb,,65,65,60,130,45
136,Flareon,1,Normal,Fire,,0.9,25,Flash Fire,,65,130,60,65,45
137,Porygon,1,Normal,Normal,,0.8,36.5,Trace,Download,65,60,70,40,45
138,Omanyte,1,Normal,Rock,Water,0.4,7.5,Swift Swim,Shell Armor,35,40,100,35,45
139,Omastar,1,Normal,Rock,Water,1,35,Swift Swim,Shell Armor,70,60,125,55,45
140,Kabuto,1,Normal,Rock,Water,0.5,11.5,Swift Swim,Battle Armor,30,80,90,55,45
141,Kabutops,1,Normal,Rock,Water,1.3,40.5,Swift Swim,Battle Armor,60,115,105,80,45
142,Aerodactyl,1,Normal,Rock,Flying,1.8,59,Rock Head,Pressure,80,105,65,130,45
142,Mega Aerodactyl,1,Normal,Rock,Flying,2.1,79,Tough Claws,,80,135,85,150,45
143,Snorlax,1,Normal,Normal,,2.1,460,Immunity,Thick Fat,160,110,65,30,25
144,Articuno,1,Sub Legendary,Ice,Flying,1.7,55.4,Pressure,,90,85,100,85,3
145,Zapdos,1,Sub Legendary,Electric,Flying,1.6,52.6,Pressure,,90,90,85,100,3
146,Moltres,1,Sub Legendary,Fire,Flying,2,60,Pressure,,90,100,90,90,3
147,Dratini,1,Normal,Dragon,,1.8,3.3,Shed Skin,,41,64,45,50,45
148,Dragonair,1,Normal,Dragon,,4,16.5,Shed Skin,,61,84,65,70,45
149,Dragonite,1,Normal,Dragon,Flying,2.2,210,Inner Focus,,91,134,95,80,45
150,Mewtwo,1,Legendary,Psychic,,2,122,Pressure,,106,110,90,130,3
150,Mega Mewtwo X,1,Legendary,Psychic,Fighting,2.3,127,Steadfast,,106,190,100,130,3
150,Mega Mewtwo Y,1,Legendary,Psychic,,1.5,33,Insomnia,,106,150,70,140,3
151,Mew,1,Mythical,Psychic,,0.4,4,Synchronize,,100,100,100,100,45
152,Chikorita,2,Normal,Grass,,0.9,6.4,Overgrow,,45,49,65,45,45
153,Bayleef,2,Normal,Grass,,1.2,15.8,Overgrow,,60,62,80,60,45
154,Meganium,2,Normal,Grass,,1.8,100.5,Overgrow,,80,82,100,80,45
155,Cyndaquil,2,Normal,Fire,,0.5,7.9,Blaze,,39,52,43,65,45
156,Quilava,2,Normal,Fire,,0.9,19,Blaze,,58,64,58,80,45
157,Typhlosion,2,Normal,Fire,,1.7,79.5,Blaze,,78,84,78,100,45
158,Totodile,2,Normal,Water,,0.6,9.5,Torrent,,50,65,64,43,45
159,Croconaw,2,Normal,Water,,1.1,25,Torrent,,65,80,80,58,45
160,Feraligatr,2,Normal,Water,,2.3,88.8,Torrent,,85,105,100,78,45
161,Sentret,2,Normal,Normal,,0.8,6,Run Away,Keen Eye,35,46,34,20,255
162,Furret,2,Normal,Normal,,1.8,32.5,Run Away,Keen Eye,85,76,64,90,90
163,Hoothoot,2,Normal,Normal,Flying,0.7,21.2,Insomnia,Keen Eye,60,30,30,50,255
164,Noctowl,2,Normal,Normal,Flying,1.6,40.8,Insomnia,Keen Eye,100,50,50,70,90
165,Ledyba,2,Normal,Bug,Flying,1,10.8,Swarm,Early Bird,40,20,30,55,255
166,Ledian,2,Normal,Bug,Flying,1.4,35.6,Swarm,Early Bird,55,35,50,85,90
167,Spinarak,2,Normal,Bug,Poison,0.5,8.5,Swarm,Insomnia,40,60,40,30,255
168,Ariados,2,Normal,Bug,Poison,1.1,33.5,Swarm,Insomnia,70,90,70,40,90
169,Crobat,2,Normal,Poison,Flying,1.8,75,Inner Focus,,85,90,80,130,90
170,Chinchou,2,Normal,Water,Electric,0.5,12,Volt Absorb,Illuminate,75,38,38,67,190
171,Lanturn,2,Normal,Water,Electric,1.2,22.5,Volt Absorb,Illuminate,125,58,58,67,75
172,Pichu,2,Normal,Electric,,0.3,2,Static,,20,40,15,60,190
173,Cleffa,2,Normal,Fairy,,0.3,3,Cute Charm,Magic Guard,50,25,28,15,150
174,Igglybuff,2,Normal,Normal,Fairy,0.3,1,Cute Charm,Competitive,90,30,15,15,170
175,Togepi,2,Normal,Fairy,,0.3,1.5,Hustle,Serene Grace,35,20,65,20,190
176,Togetic,2,Normal,Fairy,Flying,0.6,3.2,Hustle,Serene Grace,55,40,85,40,75
177,Natu,2,Normal,Psychic,Flying,0.2,2,Synchronize,Early Bird,40,50,45,70,190
178,Xatu,2,Normal,Psychic,Flying,1.5,15,Synchronize,Early Bird,65,75,70,95,75
179,Mareep,2,Normal,Electric,,0.6,7.8,Static,,55,40,40,35,235
180,Flaaffy,2,Normal,Electric,,0.8,13.3,Static,,70,55,55,45,120
181,Ampharos,2,Normal,Electric,,1.4,61.5,Static,,90,75,85,55,45
181,Mega Ampharos,2,Normal,Electric,Dragon,1.4,61.5,Mold Breaker,,90,95,105,45,45
182,Bellossom,2,Normal,Grass,,0.4,5.8,Chlorophyll,,75,80,95,50,45
183,Marill,2,Normal,Water,Fairy,0.4,8.5,Thick Fat,Huge Power,70,20,50,40,190
184,Azumarill,2,Normal,Water,Fairy,0.8,28.5,Thick Fat,Huge Power,100,50,80,50,75
185,Sudowoodo,2,Normal,Rock,,1.2,38,Sturdy,Rock Head,70,100,115,30,65
186,Politoed,2,Normal,Water,,1.1,33.9,Water Absorb,Damp,90,75,75,70,45
187,Hoppip,2,Normal,Grass,Flying,0.4,0.5,Chlorophyll,Leaf Guard,35,35,40,50,255
188,Skiploom,2,Normal,Grass,Flying,0.6,1,Chlorophyll,Leaf Guard,55,45,50,80,120
189,Jumpluff,2,Normal,Grass,Flying,0.8,3,Chlorophyll,Leaf Guard,75,55,70,110,45
190,Aipom,2,Normal,Normal,,0.8,11.5,Run Away,Pickup,55,70,55,85,45
191,Sunkern,2,Normal,Grass,,0.3,1.8,Chlorophyll,Solar Power,30,30,30,30,235
192,Sunflora,2,Normal,Grass,,0.8,8.5,Chlorophyll,Solar Power,75,75,55,30,120
193,Yanma,2,Normal,Bug,Flying,1.2,38,Speed Boost,Compound Eyes,65,65,45,95,75
194,Wooper,2,Normal,Water,Ground,0.4,8.5,Damp,Water Absorb,55,45,45,15,255
195,Quagsire,2,Normal,Water,Ground,1.4,75,Damp,Water Absorb,95,85,85,35,90
196,Espeon,2,Normal,Psychic,,0.9,26.5,Synchronize,,65,65,60,110,45
197,Umbreon,2,Normal,Dark,,1,27,Synchronize,,95,65,110,65,45
198,Murkrow,2,Normal,Dark,Flying,0.5,2.1,Insomnia,Super Luck,60,85,42,91,30
199,Slowking,2,Normal,Water,Psychic,2,79.5,Oblivious,Own Tempo,95,75,80,30,70
200,Misdreavus,2,Normal,Ghost,,0.7,1,Levitate,,60,60,60,85,45
201,Unown,2,Normal,Psychic,,0.5,5,Levitate,,48,72,48,48,225
202,Wobbuffet,2,Normal,Psychic,,1.3,28.5,Shadow Tag,,190,33,58,33,45
203,Girafarig,2,Normal,Normal,Psychic,1.5,41.5,Inner Focus,Early Bird,70,80,65,85,60
204,Pineco,2,Normal,Bug,,0.6,7.2,Sturdy,,50,65,90,15,190
205,Forretress,2,Normal,Bug,Steel,1.2,125.8,Sturdy,,75,90,140,40,75
206,Dunsparce,2,Normal,Normal,,1.5,14,Serene Grace,Run Away,100,70,70,45,190
207,Gligar,2,Normal,Ground,Flying,1.1,64.8,Hyper Cutter,Sand Veil,65,75,105,85,60
208,Steelix,2,Normal,Steel,Ground,9.2,400,Rock Head,Sturdy,75,85,200,30,25
208,Mega Steelix,2,Normal,Steel,Ground,10.5,740,Sand Force,,75,125,230,30,25
209,Snubbull,2,Normal,Fairy,,0.6,7.8,Intimidate,Run Away,60,80,50,30,190
210,Granbull,2,Normal,Fairy,,1.4,48.7,Intimidate,Quick Feet,90,120,75,45,75
211,Qwilfish,2,Normal,Water,Poison,0.5,3.9,Poison Point,Swift Swim,65,95,85,85,45
212,Scizor,2,Normal,Bug,Steel,1.8,118,Swarm,Technician,70,130,100,65,25
212,Mega Scizor,2,Normal,Bug,Steel,2,125,Technician,,70,150,140,75,25
213,Shuckle,2,Normal,Bug,Rock,0.6,20.5,Sturdy,Gluttony,20,10,230,5,190
214,Heracross,2,Normal,Bug,Fighting,1.5,54,Swarm,Guts,80,125,75,85,45
214,Mega Heracross,2,Normal,Bug,Fighting,1.7,62.5,Skill Link,,80,185,115,75,45
215,Sneasel,2,Normal,Dark,Ice,0.9,28,Inner Focus,Keen Eye,55,Error export,55,115,60
216,Teddiursa,2,Normal,Normal,,0.6,8.8,Pickup,Quick Feet,60,80,50,40,120
217,Ursaring,2,Normal,Normal,,1.8,125.8,Guts,Quick Feet,90,130,75,55,60
218,Slugma,2,Normal,Fire,,0.7,35,Magma Armor,Flame Body,40,40,40,20,190
219,Magcargo,2,Normal,Fire,Rock,0.8,55,Magma Armor,Flame Body,60,50,120,30,75
220,Swinub,2,Normal,Ice,Ground,0.4,6.5,Oblivious,Snow Cloak,50,50,40,50,225
221,Piloswine,2,Normal,Ice,Ground,1.1,55.8,Oblivious,Snow Cloak,100,100,80,50,75
222,Corsola,2,Normal,Water,Rock,0.6,5,Hustle,Natural Cure,65,55,95,35,60
222,Galarian Corsola,2,Normal,Ghost,,0.6,0.5,Weak Armor,,60,55,100,30,
223,Remoraid,2,Normal,Water,,0.6,12,Hustle,Sniper,35,65,35,65,190
224,Octillery,2,Normal,Water,,0.9,28.5,Suction Cups,Sniper,75,105,75,45,75
225,Delibird,2,Normal,Ice,Flying,0.9,16,Vital Spirit,Hustle,45,55,45,75,45
226,Mantine,2,Normal,Water,Flying,2.1,220,Swift Swim,Water Absorb,85,40,70,70,25
227,Skarmory,2,Normal,Steel,Flying,1.7,50.5,Keen Eye,Sturdy,65,80,140,70,25
228,Houndour,2,Normal,Dark,Fire,0.6,10.8,Early Bird,Flash Fire,45,60,30,65,120
229,Houndoom,2,Normal,Dark,Fire,1.4,35,Early Bird,Flash Fire,75,90,50,95,45
229,Mega Houndoom,2,Normal,Dark,Fire,1.9,49.5,Solar Power,,75,90,90,115,45
230,Kingdra,2,Normal,Water,Dragon,1.8,152,Swift Swim,Sniper,75,95,95,85,45
231,Phanpy,2,Normal,Ground,,0.5,33.5,Pickup,,90,60,60,40,120
232,Donphan,2,Normal,Ground,,1.1,120,Sturdy,,90,120,120,50,60
233,Porygon2,2,Normal,Normal,,0.6,32.5,Trace,Download,85,80,90,60,45
234,Stantler,2,Normal,Normal,,1.4,71.2,Intimidate,Frisk,73,95,62,85,45
235,Smeargle,2,Normal,Normal,,1.2,58,Own Tempo,Technician,55,20,35,75,45
236,Tyrogue,2,Normal,Fighting,,0.7,21,Guts,Steadfast,35,35,35,35,75
237,Hitmontop,2,Normal,Fighting,,1.4,48,Intimidate,Technician,50,95,95,70,45
238,Smoochum,2,Normal,Ice,Psychic,0.4,6,Oblivious,Forewarn,45,30,15,65,45
239,Elekid,2,Normal,Electric,,0.6,23.5,Static,,45,63,37,95,45
240,Magby,2,Normal,Fire,,0.7,21.4,Flame Body,,45,75,37,83,45
241,Miltank,2,Normal,Normal,,1.2,75.5,Thick Fat,Scrappy,95,80,105,100,45
242,Blissey,2,Normal,Normal,,1.5,46.8,Natural Cure,Serene Grace,255,10,10,55,30
243,Raikou,2,Sub Legendary,Electric,,1.9,178,Pressure,,90,85,75,115,3
244,Entei,2,Sub Legendary,Fire,,2.1,198,Pressure,,115,115,85,100,3
245,Suicune,2,Sub Legendary,Water,,2,187,Pressure,,100,75,115,85,3
246,Larvitar,2,Normal,Rock,Ground,0.6,72,Guts,,50,64,50,41,45
247,Pupitar,2,Normal,Rock,Ground,1.2,152,Shed Skin,,70,84,70,51,45
248,Tyranitar,2,Normal,Rock,Dark,2,202,Sand Stream,,100,134,110,61,45
248,Mega Tyranitar,2,Normal,Rock,Dark,2.5,255,Sand Stream,,100,164,150,71,45
249,Lugia,2,Legendary,Psychic,Flying,5.2,216,Pressure,,106,90,130,110,3
250,Ho-oh,2,Legendary,Fire,Flying,3.8,199,Pressure,,106,130,90,90,3
251,Celebi,2,Mythical,Psychic,Grass,0.6,5,Natural Cure,,100,100,100,100,45
252,Treecko,3,Normal,Grass,,0.5,5,Overgrow,,40,45,35,70,45
253,Grovyle,3,Normal,Grass,,0.9,21.6,Overgrow,,50,65,45,95,45
254,Sceptile,3,Normal,Grass,,1.7,52.2,Overgrow,,70,85,65,120,45
254,Mega Sceptile,3,Normal,Grass,Dragon,1.9,55.2,Lightning Rod,,70,110,75,145,45
255,Torchic,3,Normal,Fire,,0.4,2.5,Blaze,,45,60,40,45,45
256,Combusken,3,Normal,Fire,Fighting,0.9,19.5,Blaze,,60,85,60,55,45
257,Blaziken,3,Normal,Fire,Fighting,1.9,52,Blaze,,80,120,70,80,45
257,Mega Blaziken,3,Normal,Fire,Fighting,1.9,52,Speed Boost,,80,160,80,100,45
258,Mudkip,3,Normal,Water,,0.4,7.6,Torrent,,50,70,50,40,45
259,Marshtomp,3,Normal,Water,Ground,0.7,28,Torrent,,70,85,70,50,45
260,Swampert,3,Normal,Water,Ground,1.5,81.9,Torrent,,100,110,90,60,45
260,Mega Swampert,3,Normal,Water,Ground,1.9,102,Swift Swim,,100,150,110,70,45
261,Poochyena,3,Normal,Dark,,0.5,13.6,Run Away,Quick Feet,35,55,35,35,255
262,Mightyena,3,Normal,Dark,,1,37,Intimidate,Quick Feet,70,90,70,70,127
263,Zigzagoon,3,Normal,Normal,,0.4,17.5,Pickup,Gluttony,38,30,41,60,255
263,Galarian Zigzagoon,3,Normal,Dark,Normal,0.4,17.5,Pickup,Gluttony,38,30,41,60,
264,Linoone,3,Normal,Normal,,0.5,32.5,Pickup,Gluttony,78,70,61,100,90
264,Galarian Linoone,3,Normal,Dark,Normal,0.5,32.5,Pickup,Gluttony,78,70,61,100,
265,Wurmple,3,Normal,Bug,,0.3,3.6,Shield Dust,,45,45,35,20,255
266,Silcoon,3,Normal,Bug,,0.6,10,Shed Skin,,50,35,55,15,120
267,Beautifly,3,Normal,Bug,Flying,1,28.4,Swarm,,60,70,50,65,45
268,Cascoon,3,Normal,Bug,,0.7,11.5,Shed Skin,,50,35,55,15,120
269,Dustox,3,Normal,Bug,Poison,1.2,31.6,Shield Dust,,60,50,70,65,45
270,Lotad,3,Normal,Water,Grass,0.5,2.6,Swift Swim,Rain Dish,40,30,30,30,255
271,Lombre,3,Normal,Water,Grass,1.2,32.5,Swift Swim,Rain Dish,60,50,50,50,120
272,Ludicolo,3,Normal,Water,Grass,1.5,55,Swift Swim,Rain Dish,80,70,70,70,45
273,Seedot,3,Normal,Grass,,0.5,4,Chlorophyll,Early Bird,40,40,50,30,255
274,Nuzleaf,3,Normal,Grass,Dark,1,28,Chlorophyll,Early Bird,70,70,40,60,120
275,Shiftry,3,Normal,Grass,Dark,1.3,59.6,Chlorophyll,Early Bird,90,100,60,80,45
276,Taillow,3,Normal,Normal,Flying,0.3,2.3,Guts,,40,55,30,85,200
277,Swellow,3,Normal,Normal,Flying,0.7,19.8,Guts,,60,85,60,125,45
278,Wingull,3,Normal,Water,Flying,0.6,9.5,Keen Eye,Hydration,40,30,30,85,190
279,Pelipper,3,Normal,Water,Flying,1.2,28,Keen Eye,Drizzle,60,50,100,65,45
280,Ralts,3,Normal,Psychic,Fairy,0.4,6.6,Synchronize,Trace,28,25,25,40,235
281,Kirlia,3,Normal,Psychic,Fairy,0.8,20.2,Synchronize,Trace,38,35,35,50,120
282,Gardevoir,3,Normal,Psychic,Fairy,1.6,48.4,Synchronize,Trace,68,65,65,80,45
282,Mega Gardevoir,3,Normal,Psychic,Fairy,1.6,48.4,Pixilate,,68,85,65,100,45
283,Surskit,3,Normal,Bug,Water,0.5,1.7,Swift Swim,,40,30,32,65,200
284,Masquerain,3,Normal,Bug,Flying,0.8,3.6,Intimidate,,70,60,62,80,75
285,Shroomish,3,Normal,Grass,,0.4,4.5,Effect Spore,Poison Heal,60,40,60,35,255
286,Breloom,3,Normal,Grass,Fighting,1.2,39.2,Effect Spore,Poison Heal,60,130,80,70,90
287,Slakoth,3,Normal,Normal,,0.8,24,Truant,,60,60,60,30,255
288,Vigoroth,3,Normal,Normal,,1.4,46.5,Vital Spirit,,80,80,80,90,120
289,Slaking,3,Normal,Normal,,2,130.5,Truant,,150,160,100,100,45
290,Nincada,3,Normal,Bug,Ground,0.5,5.5,Compound Eyes,,31,45,90,40,255
291,Ninjask,3,Normal,Bug,Flying,0.8,12,Speed Boost,,61,90,45,160,120
292,Shedinja,3,Normal,Bug,Ghost,0.8,1.2,Wonder Guard,,1,90,45,40,45
293,Whismur,3,Normal,Normal,,0.6,16.3,Soundproof,,64,51,23,28,190
294,Loudred,3,Normal,Normal,,1,40.5,Soundproof,,84,71,43,48,120
295,Exploud,3,Normal,Normal,,1.5,84,Soundproof,,104,91,63,68,45
296,Makuhita,3,Normal,Fighting,,1,86.4,Thick Fat,Guts,72,60,30,25,180
297,Hariyama,3,Normal,Fighting,,2.3,253.8,Thick Fat,Guts,144,120,60,50,200
298,Azurill,3,Normal,Normal,Fairy,0.2,2,Thick Fat,Huge Power,50,20,40,20,150
299,Nosepass,3,Normal,Rock,,1,97,Sturdy,Magnet Pull,30,45,135,30,255
300,Skitty,3,Normal,Normal,,0.6,11,Cute Charm,Normalize,50,45,45,50,255
301,Delcatty,3,Normal,Normal,,1.1,32.6,Cute Charm,Normalize,70,65,65,90,60
302,Sableye,3,Normal,Dark,Ghost,0.5,11,Keen Eye,Stall,50,75,75,50,45
302,Mega Sableye,3,Normal,Dark,Ghost,0.5,161,Magic Bounce,,50,85,125,20,45
303,Mawile,3,Normal,Steel,Fairy,0.6,11.5,Hyper Cutter,Intimidate,50,85,85,50,45
303,Mega Mawile,3,Normal,Steel,Fairy,1,23.5,Huge Power,,50,105,125,50,45
304,Aron,3,Normal,Steel,Rock,0.4,60,Sturdy,Rock Head,50,70,100,30,180
305,Lairon,3,Normal,Steel,Rock,0.9,120,Sturdy,Rock Head,60,90,140,40,90
306,Aggron,3,Normal,Steel,Rock,2.1,360,Sturdy,Rock Head,70,110,180,50,45
306,Mega Aggron,3,Normal,Steel,,2.2,395,Filter,,70,140,230,50,45
307,Meditite,3,Normal,Fighting,Psychic,0.6,11.2,Pure Power,,30,40,55,60,180
308,Medicham,3,Normal,Fighting,Psychic,1.3,31.5,Pure Power,,60,60,75,80,90
308,Mega Medicham,3,Normal,Fighting,Psychic,1.3,31.5,Pure Power,,60,100,85,100,90
309,Electrike,3,Normal,Electric,,0.6,15.2,Static,Lightning Rod,40,45,40,65,120
310,Manectric,3,Normal,Electric,,1.5,40.2,Static,Lightning Rod,70,75,60,105,45
310,Mega Manectric,3,Normal,Electric,,1.8,44,Intimidate,,70,75,80,135,45
311,Plusle,3,Normal,Electric,,0.4,4.2,Plus,,60,50,40,95,200
312,Minun,3,Normal,Electric,,0.4,4.2,Minus,,60,40,50,95,200
313,Volbeat,3,Normal,Bug,,0.7,17.7,Illuminate,Swarm,65,73,75,85,150
314,Illumise,3,Normal,Bug,,0.6,17.7,Oblivious,Tinted Lens,65,47,75,85,150
315,Roselia,3,Normal,Grass,Poison,0.3,2,Natural Cure,Poison Point,50,60,45,65,150
316,Gulpin,3,Normal,Poison,,0.4,10.3,Liquid Ooze,Sticky Hold,70,43,53,40,225
317,Swalot,3,Normal,Poison,,1.7,80,Liquid Ooze,Sticky Hold,100,73,83,55,75
318,Carvanha,3,Normal,Water,Dark,0.8,20.8,Rough Skin,,45,90,20,65,225
319,Sharpedo,3,Normal,Water,Dark,1.8,88.8,Rough Skin,,70,120,40,95,60
319,Mega Sharpedo,3,Normal,Water,Dark,2.5,130.3,Strong Jaw,,70,140,70,105,60
320,Wailmer,3,Normal,Water,,2,130,Water Veil,Oblivious,130,70,35,60,125
321,Wailord,3,Normal,Water,,14.5,398,Water Veil,Oblivious,170,90,45,60,60
322,Numel,3,Normal,Fire,Ground,0.7,24,Oblivious,Simple,60,60,40,35,255
323,Camerupt,3,Normal,Fire,Ground,1.9,220,Magma Armor,Solid Rock,70,100,70,40,150
323,Mega Camerupt,3,Normal,Fire,Ground,2.5,320.5,Sheer Force,,70,120,100,20,150
324,Torkoal,3,Normal,Fire,,0.5,80.4,White Smoke,Drought,70,85,140,20,90
325,Spoink,3,Normal,Psychic,,0.7,30.6,Thick Fat,Own Tempo,60,25,35,60,255
326,Grumpig,3,Normal,Psychic,,0.9,71.5,Thick Fat,Own Tempo,80,45,65,80,60
327,Spinda,3,Normal,Normal,,1.1,5,Own Tempo,Tangled Feet,60,60,60,60,255
328,Trapinch,3,Normal,Ground,,0.7,15,Hyper Cutter,Arena Trap,45,100,45,10,255
329,Vibrava,3,Normal,Ground,Dragon,1.1,15.3,Levitate,,50,70,50,70,120
330,Flygon,3,Normal,Ground,Dragon,2,82,Levitate,,80,100,80,100,45
331,Cacnea,3,Normal,Grass,,0.4,51.3,Sand Veil,,50,85,40,35,190
332,Cacturne,3,Normal,Grass,Dark,1.3,77.4,Sand Veil,,70,115,60,55,60
333,Swablu,3,Normal,Normal,Flying,0.4,1.2,Natural Cure,,45,40,60,50,255
334,Altaria,3,Normal,Dragon,Flying,1.1,20.6,Natural Cure,,75,70,90,80,45
334,Mega Altaria,3,Normal,Dragon,Fairy,1.5,20.6,Pixilate,,75,110,110,80,45
335,Zangoose,3,Normal,Normal,,1.3,40.3,Immunity,,73,115,60,90,90
336,Seviper,3,Normal,Poison,,2.7,52.5,Shed Skin,,73,100,60,65,90
337,Lunatone,3,Normal,Rock,Psychic,1,168,Levitate,,90,55,65,70,45
338,Solrock,3,Normal,Rock,Psychic,1.2,154,Levitate,,90,95,85,70,45
339,Barboach,3,Normal,Water,Ground,0.4,1.9,Oblivious,Anticipation,50,48,43,60,190
340,Whiscash,3,Normal,Water,Ground,0.9,23.6,Oblivious,Anticipation,110,78,73,60,75
341,Corphish,3,Normal,Water,,0.6,11.5,Hyper Cutter,Shell Armor,43,80,65,35,205
342,Crawdaunt,3,Normal,Water,Dark,1.1,32.8,Hyper Cutter,Shell Armor,63,120,85,55,155
343,Baltoy,3,Normal,Ground,Psychic,0.5,21.5,Levitate,,40,40,55,55,255
344,Claydol,3,Normal,Ground,Psychic,1.5,108,Levitate,,60,70,105,75,90
345,Lileep,3,Normal,Rock,Grass,1,23.8,Suction Cups,,66,41,77,23,45
346,Cradily,3,Normal,Rock,Grass,1.5,60.4,Suction Cups,,86,81,97,43,45
347,Anorith,3,Normal,Rock,Bug,0.7,12.5,Battle Armor,,45,95,50,75,45
348,Armaldo,3,Normal,Rock,Bug,1.5,68.2,Battle Armor,,75,125,100,45,45
349,Feebas,3,Normal,Water,,0.6,7.4,Swift Swim,Oblivious,20,15,20,80,255
350,Milotic,3,Normal,Water,,6.2,162,Marvel Scale,Competitive,95,60,79,81,60
351,Castform,3,Normal,Normal,,0.3,0.8,Forecast,,70,70,70,70,45
351,Castform Sunny Form,3,Normal,Fire,,0.3,0.8,Forecast,,70,70,70,70,45
351,Castform Rainy Form,3,Normal,Water,,0.3,0.8,Forecast,,70,70,70,70,45
351,Castform Snowy Form,3,Normal,Ice,,0.3,0.8,Forecast,,70,70,70,70,45
352,Kecleon,3,Normal,Normal,,1,22,Color Change,,60,90,70,40,200
353,Shuppet,3,Normal,Ghost,,0.6,2.3,Insomnia,Frisk,44,75,35,45,225
354,Banette,3,Normal,Ghost,,1.1,12.5,Insomnia,Frisk,64,115,65,65,45
354,Mega Banette,3,Normal,Ghost,,1.2,13,Prankster,,64,165,75,75,45
355,Duskull,3,Normal,Ghost,,0.8,15,Levitate,,20,40,90,25,190
356,Dusclops,3,Normal,Ghost,,1.6,30.6,Pressure,,40,70,130,25,90
357,Tropius,3,Normal,Grass,Flying,2,100,Chlorophyll,Solar Power,99,68,83,51,200
358,Chimecho,3,Normal,Psychic,,0.6,1,Levitate,,75,50,80,65,45
359,Absol,3,Normal,Dark,,1.2,47,Pressure,Super Luck,65,130,60,75,30
359,Mega Absol,3,Normal,Dark,,1.2,49,Magic Bounce,,65,150,60,115,30
360,Wynaut,3,Normal,Psychic,,0.6,14,Shadow Tag,,95,23,48,23,125
361,Snorunt,3,Normal,Ice,,0.7,16.8,Inner Focus,Ice Body,50,50,50,50,190
362,Glalie,3,Normal,Ice,,1.5,256.5,Inner Focus,Ice Body,80,80,80,80,75
362,Mega Glalie,3,Normal,Ice,,2.1,350.2,Refrigerate,,80,120,80,100,75
363,Spheal,3,Normal,Ice,Water,0.8,39.5,Thick Fat,Ice Body,70,40,50,25,255
364,Sealeo,3,Normal,Ice,Water,1.1,87.6,Thick Fat,Ice Body,90,60,70,45,120
365,Walrein,3,Normal,Ice,Water,1.4,150.6,Thick Fat,Ice Body,110,80,90,65,45
366,Clamperl,3,Normal,Water,,0.4,52.5,Shell Armor,,35,64,85,32,255
367,Huntail,3,Normal,Water,,1.7,27,Swift Swim,,55,104,105,52,60
368,Gorebyss,3,Normal,Water,,1.8,22.6,Swift Swim,,55,84,105,52,60
369,Relicanth,3,Normal,Water,Rock,1,23.4,Swift Swim,Rock Head,100,90,130,55,25
370,Luvdisc,3,Normal,Water,,0.6,8.7,Swift Swim,,43,30,55,97,225
371,Bagon,3,Normal,Dragon,,0.6,42.1,Rock Head,,45,75,60,50,45
372,Shelgon,3,Normal,Dragon,,1.1,110.5,Rock Head,,65,95,100,50,45
373,Salamence,3,Normal,Dragon,Flying,1.5,102.6,Intimidate,,95,135,80,100,45
373,Mega Salamence,3,Normal,Dragon,Flying,1.8,112.6,Aerilate,,95,145,130,120,45
374,Beldum,3,Normal,Steel,Psychic,0.6,95.2,Clear Body,,40,55,80,30,3
375,Metang,3,Normal,Steel,Psychic,1.2,202.5,Clear Body,,60,75,100,50,3
376,Metagross,3,Normal,Steel,Psychic,1.6,550,Clear Body,,80,135,130,70,3
376,Mega Metagross,3,Normal,Steel,Psychic,2.5,942.9,Tough Claws,,80,145,150,110,3
377,Regirock,3,Sub Legendary,Rock,,1.7,230,Clear Body,,80,100,200,50,3
378,Regice,3,Sub Legendary,Ice,,1.8,175,Clear Body,,80,50,100,50,3
379,Registeel,3,Sub Legendary,Steel,,1.9,205,Clear Body,,80,75,150,50,3
380,Latias,3,Sub Legendary,Dragon,Psychic,1.4,40,Levitate,,80,80,90,110,3
380,Mega Latias,3,Sub Legendary,Dragon,Psychic,1.8,52,Levitate,,80,100,120,110,3
381,Latios,3,Sub Legendary,Dragon,Psychic,2,60,Levitate,,80,90,80,110,3
381,Mega Latios,3,Sub Legendary,Dragon,Psychic,2.3,70,Levitate,,80,130,100,110,3
382,Kyogre,3,Legendary,Water,,4.5,352,Drizzle,,100,100,90,90,3
382,Primal Kyogre,3,Legendary,Water,,9.8,430,Primordial Sea,,100,150,90,90,5
383,Groudon,3,Legendary,Ground,,3.5,950,Drought,,100,150,140,90,3
383,Primal Groudon,3,Legendary,Ground,Fire,5,999.7,Desolate Land,,100,180,160,90,5
384,Rayquaza,3,Legendary,Dragon,Flying,7,206.5,Air Lock,,105,150,90,95,45
384,Mega Rayquaza,3,Legendary,Dragon,Flying,10.8,392,Delta Stream,,105,180,100,115,3
385,Jirachi,3,Mythical,Steel,Psychic,0.3,1.1,Serene Grace,,100,100,100,100,3
386,Deoxys Normal Forme,3,Mythical,Psychic,,1.7,60.8,Pressure,,50,150,50,150,3
386,Deoxys Attack Forme,3,Mythical,Psychic,,1.7,60.8,Pressure,,50,180,20,150,3
386,Deoxys Defense Forme,3,Mythical,Psychic,,1.7,60.8,Pressure,,50,70,160,90,3
386,Deoxys Speed Forme,3,Mythical,Psychic,,1.7,60.8,Pressure,,50,95,90,180,3
387,Turtwig,4,Normal,Grass,,0.4,10.2,Overgrow,,55,68,64,31,45
388,Grotle,4,Normal,Grass,,1.1,97,Overgrow,,75,89,85,36,45
389,Torterra,4,Normal,Grass,Ground,2.2,310,Overgrow,,95,109,105,56,45
390,Chimchar,4,Normal,Fire,,0.5,6.2,Blaze,,44,58,44,61,45
391,Monferno,4,Normal,Fire,Fighting,0.9,22,Blaze,,64,78,52,81,45
392,Infernape,4,Normal,Fire,Fighting,1.2,55,Blaze,,76,104,71,108,45
393,Piplup,4,Normal,Water,,0.4,5.2,Torrent,,53,51,53,40,45
394,Prinplup,4,Normal,Water,,0.8,23,Torrent,,64,66,68,50,45
395,Empoleon,4,Normal,Water,Steel,1.7,84.5,Torrent,,84,86,88,60,45
396,Starly,4,Normal,Normal,Flying,0.3,2,Keen Eye,,40,55,30,60,255
397,Staravia,4,Normal,Normal,Flying,0.6,15.5,Intimidate,,55,75,50,80,120
398,Staraptor,4,Normal,Normal,Flying,1.2,24.9,Intimidate,,85,120,70,100,45
399,Bidoof,4,Normal,Normal,,0.5,20,Simple,Unaware,59,45,40,31,255
400,Bibarel,4,Normal,Normal,Water,1,31.5,Simple,Unaware,79,85,60,71,127
401,Kricketot,4,Normal,Bug,,0.3,2.2,Shed Skin,,37,25,41,25,255
402,Kricketune,4,Normal,Bug,,1,25.5,Swarm,,77,85,51,65,45
403,Shinx,4,Normal,Electric,,0.5,9.5,Rivalry,Intimidate,45,65,34,45,235
404,Luxio,4,Normal,Electric,,0.9,30.5,Rivalry,Intimidate,60,85,49,60,120
405,Luxray,4,Normal,Electric,,1.4,42,Rivalry,Intimidate,80,120,79,70,45
406,Budew,4,Normal,Grass,Poison,0.2,1.2,Natural Cure,Poison Point,40,30,35,55,255
407,Roserade,4,Normal,Grass,Poison,0.9,14.5,Natural Cure,Poison Point,60,70,65,90,75
408,Cranidos,4,Normal,Rock,,0.9,31.5,Mold Breaker,,67,125,40,58,45
409,Rampardos,4,Normal,Rock,,1.6,102.5,Mold Breaker,,97,165,60,58,45
410,Shieldon,4,Normal,Rock,Steel,0.5,57,Sturdy,,30,42,118,30,45
411,Bastiodon,4,Normal,Rock,Steel,1.3,149.5,Sturdy,,60,52,168,30,45
412,Burmy,4,Normal,Bug,,0.2,3.4,Shed Skin,,40,29,45,36,120
413,Wormadam Plant Cloak,4,Normal,Bug,Grass,0.5,6.5,Anticipation,,60,59,85,36,45
413,Wormadam Sandy Cloak,4,Normal,Bug,Ground,0.5,6.5,Anticipation,,60,79,105,36,45
413,Wormadam Trash Cloak,4,Normal,Bug,Steel,0.5,6.5,Anticipation,,60,69,95,36,45
414,Mothim,4,Normal,Bug,Flying,0.9,23.3,Swarm,,70,94,50,66,45
415,Combee,4,Normal,Bug,Flying,0.3,5.5,Honey Gather,,30,30,42,70,120
416,Vespiquen,4,Normal,Bug,Flying,1.2,38.5,Pressure,,70,80,102,40,45
417,Pachirisu,4,Normal,Electric,,0.4,3.9,Run Away,Pickup,60,45,70,95,200
418,Buizel,4,Normal,Water,,0.7,29.5,Swift Swim,,55,65,35,85,190
419,Floatzel,4,Normal,Water,,1.1,33.5,Swift Swim,,85,105,55,115,75
420,Cherubi,4,Normal,Grass,,0.4,3.3,Chlorophyll,,45,35,45,35,190
421,Cherrim,4,Normal,Grass,,0.5,9.3,Flower Gift,,70,60,70,85,75
422,Shellos,4,Normal,Water,,0.3,6.3,Sticky Hold,Storm Drain,76,48,48,34,190
423,Gastrodon,4,Normal,Water,Ground,0.9,29.9,Sticky Hold,Storm Drain,111,83,68,39,75
424,Ambipom,4,Normal,Normal,,1.2,20.3,Technician,Pickup,75,100,66,115,45
425,Drifloon,4,Normal,Ghost,Flying,0.4,1.2,Aftermath,Unburden,90,50,34,70,125
426,Drifblim,4,Normal,Ghost,Flying,1.2,15,Aftermath,Unburden,150,80,44,80,60
427,Buneary,4,Normal,Normal,,0.4,5.5,Run Away,Klutz,55,66,44,85,190
428,Lopunny,4,Normal,Normal,,1.2,33.3,Cute Charm,Klutz,65,76,84,105,60
428,Mega Lopunny,4,Normal,Normal,Fighting,1.3,28.3,Scrappy,,65,136,94,135,60
429,Mismagius,4,Normal,Ghost,,0.9,4.4,Levitate,,60,60,60,105,45
430,Honchkrow,4,Normal,Dark,Flying,0.9,27.3,Insomnia,Super Luck,100,125,52,71,30
431,Glameow,4,Normal,Normal,,0.5,3.9,Limber,Own Tempo,49,55,42,85,190
432,Purugly,4,Normal,Normal,,1,43.8,Thick Fat,Own Tempo,71,82,64,112,75
433,Chingling,4,Normal,Psychic,,0.2,0.6,Levitate,,45,30,50,45,120
434,Stunky,4,Normal,Poison,Dark,0.4,19.2,Stench,Aftermath,63,63,47,74,225
435,Skuntank,4,Normal,Poison,Dark,1,38,Stench,Aftermath,103,93,67,84,60
436,Bronzor,4,Normal,Steel,Psychic,0.5,60.5,Levitate,Heatproof,57,24,86,23,255
437,Bronzong,4,Normal,Steel,Psychic,1.3,187,Levitate,Heatproof,67,89,116,33,90
438,Bonsly,4,Normal,Rock,,0.5,15,Sturdy,Rock Head,50,80,95,10,255
439,Mime Jr.,4,Normal,Psychic,Fairy,0.6,13,Soundproof,Filter,20,25,45,60,145
440,Happiny,4,Normal,Normal,,0.6,24.4,Natural Cure,Serene Grace,100,5,5,30,130
441,Chatot,4,Normal,Normal,Flying,0.5,1.9,Keen Eye,Tangled Feet,76,65,45,91,30
442,Spiritomb,4,Normal,Ghost,Dark,1,108,Pressure,,50,92,108,35,100
443,Gible,4,Normal,Dragon,Ground,0.7,20.5,Sand Veil,,58,70,45,42,45
444,Gabite,4,Normal,Dragon,Ground,1.4,56,Sand Veil,,68,90,65,82,45
445,Garchomp,4,Normal,Dragon,Ground,1.9,95,Sand Veil,,108,130,95,102,45
445,Mega Garchomp,4,Normal,Dragon,Ground,1.9,95,Sand Force,,108,170,115,92,45
446,Munchlax,4,Normal,Normal,,0.6,105,Pickup,Thick Fat,135,85,40,5,50
447,Riolu,4,Normal,Fighting,,0.7,20.2,Steadfast,Inner Focus,40,70,40,60,75
448,Lucario,4,Normal,Fighting,Steel,1.2,54,Steadfast,Inner Focus,70,110,70,90,45
448,Mega Lucario,4,Normal,Fighting,Steel,1.3,57.5,Adaptability,,70,145,88,112,45
449,Hippopotas,4,Normal,Ground,,0.8,49.5,Sand Stream,,68,72,78,32,140
450,Hippowdon,4,Normal,Ground,,2,300,Sand Stream,,108,112,118,47,60
451,Skorupi,4,Normal,Poison,Bug,0.8,12,Battle Armor,Sniper,40,50,90,65,120
452,Drapion,4,Normal,Poison,Dark,1.3,61.5,Battle Armor,Sniper,70,90,110,95,45
453,Croagunk,4,Normal,Poison,Fighting,0.7,23,Anticipation,Dry Skin,48,61,40,50,140
454,Toxicroak,4,Normal,Poison,Fighting,1.3,44.4,Anticipation,Dry Skin,83,106,65,85,75
455,Carnivine,4,Normal,Grass,,1.4,27,Levitate,,74,100,72,46,200
456,Finneon,4,Normal,Water,,0.4,7,Swift Swim,Storm Drain,49,49,56,66,190
457,Lumineon,4,Normal,Water,,1.2,24,Swift Swim,Storm Drain,69,69,76,91,75
458,Mantyke,4,Normal,Water,Flying,1,65,Swift Swim,Water Absorb,45,20,50,50,25
459,Snover,4,Normal,Grass,Ice,1,50.5,Snow Warning,,60,62,50,40,120
460,Abomasnow,4,Normal,Grass,Ice,2.2,135.5,Snow Warning,,90,92,75,60,60
460,Mega Abomasnow,4,Normal,Grass,Ice,2.7,185,Snow Warning,,90,132,105,30,60
461,Weavile,4,Normal,Dark,Ice,1.1,34,Pressure,,70,120,65,125,45
462,Magnezone,4,Normal,Electric,Steel,1.2,180,Magnet Pull,Sturdy,70,70,115,60,30
463,Lickilicky,4,Normal,Normal,,1.7,140,Own Tempo,Oblivious,110,85,95,50,30
464,Rhyperior,4,Normal,Ground,Rock,2.4,282.8,Lightning Rod,Solid Rock,115,140,130,40,30
465,Tangrowth,4,Normal,Grass,,2,128.6,Chlorophyll,Leaf Guard,100,100,125,50,30
466,Electivire,4,Normal,Electric,,1.8,138.6,Motor Drive,,75,123,67,95,30
467,Magmortar,4,Normal,Fire,,1.6,68,Flame Body,,75,95,67,83,30
468,Togekiss,4,Normal,Fairy,Flying,1.5,38,Hustle,Serene Grace,85,50,95,80,30
469,Yanmega,4,Normal,Bug,Flying,1.9,51.5,Speed Boost,Tinted Lens,86,76,86,95,30
470,Leafeon,4,Normal,Grass,,1,25.5,Leaf Guard,,65,110,130,95,45
471,Glaceon,4,Normal,Ice,,0.8,25.9,Snow Cloak,,65,60,110,65,45
472,Gliscor,4,Normal,Ground,Flying,2,42.5,Hyper Cutter,Sand Veil,75,95,125,95,30
473,Mamoswine,4,Normal,Ice,Ground,2.5,291,Oblivious,Snow Cloak,110,130,80,80,50
474,Porygon-Z,4,Normal,Normal,,0.9,34,Adaptability,Download,85,80,70,90,30
475,Gallade,4,Normal,Psychic,Fighting,1.6,52,Steadfast,,68,125,65,80,45
475,Mega Gallade,4,Normal,Psychic,Fighting,1.6,56.4,Inner Focus,,68,165,95,110,45
476,Probopass,4,Normal,Rock,Steel,1.4,340,Sturdy,Magnet Pull,60,55,145,40,60
477,Dusknoir,4,Normal,Ghost,,2.2,106.6,Pressure,,45,100,135,45,45
478,Froslass,4,Normal,Ice,Ghost,1.3,26.6,Snow Cloak,,70,80,70,110,75
479,Rotom,4,Normal,Electric,Ghost,0.3,0.3,Levitate,,50,50,77,91,45
479,Heat Rotom,4,Normal,Electric,Fire,0.3,0.3,Levitate,,50,65,107,86,45
479,Wash Rotom,4,Normal,Electric,Water,0.3,0.3,Levitate,,50,65,107,86,45
479,Frost Rotom,4,Normal,Electric,Ice,0.3,0.3,Levitate,,50,65,107,86,45
479,Fan Rotom,4,Normal,Electric,Flying,0.3,0.3,Levitate,,50,65,107,86,45
479,Mow Rotom,4,Normal,Electric,Grass,0.3,0.3,Levitate,,50,65,107,86,45
480,Uxie,4,Sub Legendary,Psychic,,0.3,0.3,Levitate,,75,75,130,95,3
481,Mesprit,4,Sub Legendary,Psychic,,0.3,0.3,Levitate,,80,105,105,80,3
482,Azelf,4,Sub Legendary,Psychic,,0.3,0.3,Levitate,,75,125,70,115,3
483,Dialga,4,Legendary,Steel,Dragon,5.4,683,Pressure,,100,120,120,90,3
484,Palkia,4,Legendary,Water,Dragon,4.2,336,Pressure,,90,120,100,100,3
485,Heatran,4,Sub Legendary,Fire,Steel,1.7,430,Flash Fire,,91,90,106,77,3
486,Regigigas,4,Sub Legendary,Normal,,3.7,420,Slow Start,,110,160,110,100,3
487,Giratina Altered Forme,4,Legendary,Ghost,Dragon,4.5,750,Pressure,,150,100,120,90,3
487,Giratina Origin Forme,4,Legendary,Ghost,Dragon,6.9,650,Levitate,,150,120,100,90,3
488,Cresselia,4,Sub Legendary,Psychic,,1.5,85.6,Levitate,,120,70,120,85,3
489,Phione,4,Mythical,Water,,0.4,3.1,Hydration,,80,80,80,80,30
490,Manaphy,4,Mythical,Water,,0.3,1.4,Hydration,,100,100,100,100,3
491,Darkrai,4,Mythical,Dark,,1.5,50.5,Bad Dreams,,70,90,90,125,3
492,Shaymin Land Forme,4,Mythical,Grass,,0.2,2.1,Natural Cure,,100,100,100,100,45
492,Shaymin Sky Forme,4,Mythical,Grass,Flying,0.4,5.2,Serene Grace,,100,103,75,127,45
493,Arceus,4,Mythical,Normal,,3.2,320,Multitype,,120,120,120,120,3
494,Victini,5,Mythical,Psychic,Fire,0.4,4,Victory Star,,100,100,100,100,3
495,Snivy,5,Normal,Grass,,0.6,8.1,Overgrow,,45,45,55,63,45
496,Servine,5,Normal,Grass,,0.8,16,Overgrow,,60,60,75,83,45
497,Serperior,5,Normal,Grass,,3.3,63,Overgrow,,75,75,95,113,45
498,Tepig,5,Normal,Fire,,0.5,9.9,Blaze,,65,63,45,45,45
499,Pignite,5,Normal,Fire,Fighting,1,55.5,Blaze,,90,93,55,55,45
500,Emboar,5,Normal,Fire,Fighting,1.6,150,Blaze,,110,123,Error Export,65,45
501,Oshawott,5,Normal,Water,,0.5,5.9,Torrent,,55,55,45,45,45
502,Dewott,5,Normal,Water,,0.8,24.5,Torrent,,75,75,60,60,45
503,Samurott,5,Normal,Water,,1.5,94.6,Torrent,,95,100,85,70,45
504,Patrat,5,Normal,Normal,,0.5,11.6,Run Away,Keen Eye,45,55,39,42,255
505,Watchog,5,Normal,Normal,,1.1,27,Illuminate,Keen Eye,60,85,69,77,255
506,Lillipup,5,Normal,Normal,,0.4,4.1,Vital Spirit,Pickup,45,60,45,55,255
507,Herdier,5,Normal,Normal,,0.9,14.7,Intimidate,Sand Rush,65,80,65,60,120
508,Stoutland,5,Normal,Normal,,1.2,61,Intimidate,Sand Rush,85,110,90,80,45
509,Purrloin,5,Normal,Dark,,0.4,10.1,Limber,Unburden,41,50,37,66,255
510,Liepard,5,Normal,Dark,,1.1,37.5,Limber,Unburden,64,88,50,106,90
511,Pansage,5,Normal,Grass,,0.6,10.5,Gluttony,,50,53,48,64,190
512,Simisage,5,Normal,Grass,,1.1,30.5,Gluttony,,75,98,63,101,75
513,Pansear,5,Normal,Fire,,0.6,11,Gluttony,,50,53,48,64,190
514,Simisear,5,Normal,Fire,,1,28,Gluttony,,75,98,63,101,75
515,Panpour,5,Normal,Water,,0.6,13.5,Gluttony,,50,53,48,64,190
516,Simipour,5,Normal,Water,,1,29,Gluttony,,75,98,63,101,75
517,Munna,5,Normal,Psychic,,0.6,23.3,Forewarn,Synchronize,76,25,45,24,190
518,Musharna,5,Normal,Psychic,,1.1,60.5,Forewarn,Synchronize,116,55,85,29,75
519,Pidove,5,Normal,Normal,Flying,0.3,2.1,Big Pecks,Super Luck,50,55,50,43,255
520,Tranquill,5,Normal,Normal,Flying,0.6,15,Big Pecks,Super Luck,62,77,62,65,120
521,Unfezant,5,Normal,Normal,Flying,1.2,29,Big Pecks,Super Luck,80,115,80,93,45
522,Blitzle,5,Normal,Electric,,0.8,29.8,Lightning Rod,Motor Drive,45,60,32,76,190
523,Zebstrika,5,Normal,Electric,,1.6,79.5,Lightning Rod,Motor Drive,75,100,63,116,75
524,Roggenrola,5,Normal,Rock,,0.4,18,Sturdy,Weak Armor,55,75,85,15,255
525,Boldore,5,Normal,Rock,,0.9,102,Sturdy,Weak Armor,70,105,105,20,120
526,Gigalith,5,Normal,Rock,,1.7,260,Sturdy,Sand Stream,85,135,130,25,45
527,Woobat,5,Normal,Psychic,Flying,0.4,2.1,Unaware,Klutz,65,45,43,72,190
528,Swoobat,5,Normal,Psychic,Flying,0.9,10.5,Unaware,Klutz,67,57,55,114,45
529,Drilbur,5,Normal,Ground,,0.3,8.5,Sand Rush,Sand Force,60,85,40,68,120
530,Excadrill,5,Normal,Ground,Steel,0.7,40.4,Sand Rush,Sand Force,110,135,60,88,60
531,Audino,5,Normal,Normal,,1.1,31,Healer,Regenerator,103,60,86,50,255
531,Mega Audino,5,Normal,Normal,Fairy,1.5,32,Healer,,103,60,126,50,255
532,Timburr,5,Normal,Fighting,,0.6,12.5,Guts,Sheer Force,75,80,55,35,180
533,Gurdurr,5,Normal,Fighting,,1.2,40,Guts,Sheer Force,85,105,85,40,90
534,Conkeldurr,5,Normal,Fighting,,1.4,87,Guts,Sheer Force,105,140,95,45,45
535,Tympole,5,Normal,Water,,0.5,4.5,Swift Swim,Hydration,50,50,40,64,255
536,Palpitoad,5,Normal,Water,Ground,0.8,17,Swift Swim,Hydration,75,65,55,69,120
537,Seismitoad,5,Normal,Water,Ground,1.5,62,Swift Swim,Poison Touch,105,95,75,74,45
538,Throh,5,Normal,Fighting,,1.3,55.5,Guts,Inner Focus,120,100,85,45,45
539,Sawk,5,Normal,Fighting,,1.4,51,Sturdy,Inner Focus,75,125,75,85,45
540,Sewaddle,5,Normal,Bug,Grass,0.3,2.5,Swarm,Chlorophyll,45,53,70,42,255
541,Swadloon,5,Normal,Bug,Grass,0.5,7.3,Leaf Guard,Chlorophyll,55,63,90,42,120
542,Leavanny,5,Normal,Bug,Grass,1.2,20.5,Swarm,Chlorophyll,75,103,80,92,45
543,Venipede,5,Normal,Bug,Poison,0.4,5.3,Poison Point,Swarm,30,45,59,57,255
544,Whirlipede,5,Normal,Bug,Poison,1.2,58.5,Poison Point,Swarm,40,55,99,47,120
545,Scolipede,5,Normal,Bug,Poison,2.5,200.5,Poison Point,Swarm,60,100,89,112,45
546,Cottonee,5,Normal,Grass,Fairy,0.3,0.6,Prankster,Infiltrator,40,27,60,66,190
547,Whimsicott,5,Normal,Grass,Fairy,0.7,6.6,Prankster,Infiltrator,60,67,85,116,75
548,Petilil,5,Normal,Grass,,0.5,6.6,Chlorophyll,Own Tempo,45,35,50,30,190
549,Lilligant,5,Normal,Grass,,1.1,16.3,Chlorophyll,Own Tempo,70,60,75,90,75
550,Basculin Red-Striped Form,5,Normal,Water,,1,18,Reckless,Adaptability,70,92,65,98,25
550,Basculin Blue-Striped Form,5,Normal,Water,,1,18,Rock Head,Adaptability,70,92,65,98,25
551,Sandile,5,Normal,Ground,Dark,0.7,15.2,Intimidate,Moxie,50,72,35,65,180
552,Krokorok,5,Normal,Ground,Dark,1,33.4,Intimidate,Moxie,60,82,45,74,90
553,Krookodile,5,Normal,Ground,Dark,1.5,96.3,Intimidate,Moxie,95,117,80,92,45
554,Darumaka,5,Normal,Fire,,0.6,37.5,Hustle,,70,90,45,50,120
554,Galarian Darumaka,5,Normal,Ice,,0.7,40,Hustle,,70,90,45,50,
555,Darmanitan Standard Mode,5,Normal,Fire,,1.3,92.9,Sheer Force,,105,140,55,95,60
555,Darmanitan Zen Mode,5,Normal,Fire,Psychic,1.3,92.9,Sheer Force,,105,30,105,55,60
555,Darmanitan Galarian Standard Mode,5,Normal,Ice,,1.7,120,Gorilla Tactics,,105,140,55,95,
555,Darmanitan Galarian Zen Mode,5,Normal,Ice,Fire,1.7,120,Gorilla Tactics,,105,160,55,135,
556,Maractus,5,Normal,Grass,,1,28,Water Absorb,Chlorophyll,75,86,67,60,255
557,Dwebble,5,Normal,Bug,Rock,0.3,14.5,Sturdy,Shell Armor,50,65,85,55,190
558,Crustle,5,Normal,Bug,Rock,1.4,200,Sturdy,Shell Armor,70,105,125,45,75
559,Scraggy,5,Normal,Dark,Fighting,0.6,11.8,Shed Skin,Moxie,50,75,70,48,180
560,Scrafty,5,Normal,Dark,Fighting,1.1,30,Shed Skin,Moxie,65,90,115,58,90
561,Sigilyph,5,Normal,Psychic,Flying,1.4,14,Wonder Skin,Magic Guard,72,58,80,97,45
562,Yamask,5,Normal,Ghost,,0.5,1.5,Mummy,,38,30,85,30,190
562,Galarian Yamask,5,Normal,Ground,Ghost,0.5,1.5,Wandering Spirit,,38,55,85,30,
563,Cofagrigus,5,Normal,Ghost,,1.7,76.5,Mummy,,58,50,145,30,90
564,Tirtouga,5,Normal,Water,Rock,0.7,16.5,Solid Rock,Sturdy,54,78,103,22,45
565,Carracosta,5,Normal,Water,Rock,1.2,81,Solid Rock,Sturdy,74,108,133,32,45
566,Archen,5,Normal,Rock,Flying,0.5,9.5,Defeatist,,55,112,45,70,45
567,Archeops,5,Normal,Rock,Flying,1.4,32,Defeatist,,75,140,65,110,45
568,Trubbish,5,Normal,Poison,,0.6,31,Stench,Sticky Hold,50,50,62,65,190
569,Garbodor,5,Normal,Poison,,1.9,107.3,Stench,Weak Armor,80,95,82,75,60
570,Zorua,5,Normal,Dark,,0.7,12.5,Illusion,,40,65,40,65,75
571,Zoroark,5,Normal,Dark,,1.6,81.1,Illusion,,60,105,60,105,45
572,Minccino,5,Normal,Normal,,0.4,5.8,Cute Charm,Technician,55,50,40,75,255
573,Cinccino,5,Normal,Normal,,0.5,7.5,Cute Charm,Technician,75,95,60,115,60
574,Gothita,5,Normal,Psychic,,0.4,5.8,Frisk,Competitive,45,30,50,45,200
575,Gothorita,5,Normal,Psychic,,0.7,18,Frisk,Competitive,60,45,70,55,100
576,Gothitelle,5,Normal,Psychic,,1.5,44,Frisk,Competitive,70,55,95,65,50
577,Solosis,5,Normal,Psychic,,0.3,1,Overcoat,Magic Guard,45,30,40,20,200
578,Duosion,5,Normal,Psychic,,0.6,8,Overcoat,Magic Guard,65,40,50,30,100
579,Reuniclus,5,Normal,Psychic,,1,20.1,Overcoat,Magic Guard,110,65,75,30,50
580,Ducklett,5,Normal,Water,Flying,0.5,5.5,Keen Eye,Big Pecks,62,44,50,55,190
581,Swanna,5,Normal,Water,Flying,1.3,24.2,Keen Eye,Big Pecks,75,87,63,98,45
582,Vanillite,5,Normal,Ice,,0.4,5.7,Ice Body,Snow Cloak,36,50,50,44,255
583,Vanillish,5,Normal,Ice,,1.1,41,Ice Body,Snow Cloak,51,65,65,59,120
584,Vanilluxe,5,Normal,Ice,,1.3,57.5,Ice Body,Snow Warning,71,95,85,79,45
585,Deerling,5,Normal,Normal,Grass,0.6,19.5,Chlorophyll,Sap Sipper,60,60,50,75,190
586,Sawsbuck,5,Normal,Normal,Grass,1.9,92.5,Chlorophyll,Sap Sipper,80,100,70,95,75
587,Emolga,5,Normal,Electric,Flying,0.4,5,Static,,55,75,60,103,200
588,Karrablast,5,Normal,Bug,,0.5,5.9,Swarm,Shed Skin,50,75,45,60,200
589,Escavalier,5,Normal,Bug,Steel,1,33,Swarm,Shell Armor,70,135,105,20,75
590,Foongus,5,Normal,Grass,Poison,0.2,1,Effect Spore,,69,55,45,15,190
591,Amoonguss,5,Normal,Grass,Poison,0.6,10.5,Effect Spore,,114,85,70,30,75
592,Frillish,5,Normal,Water,Ghost,1.2,33,Water Absorb,Cursed Body,55,40,50,40,190
593,Jellicent,5,Normal,Water,Ghost,2.2,135,Water Absorb,Cursed Body,100,60,70,60,60
594,Alomomola,5,Normal,Water,,1.2,31.6,Healer,Hydration,165,75,80,65,75
595,Joltik,5,Normal,Bug,Electric,0.1,0.6,Compound Eyes,Unnerve,50,47,50,65,190
596,Galvantula,5,Normal,Bug,Electric,0.8,14.3,Compound Eyes,Unnerve,70,77,60,108,75
597,Ferroseed,5,Normal,Grass,Steel,0.6,18.8,Iron Barbs,,44,50,91,10,255
598,Ferrothorn,5,Normal,Grass,Steel,1,110,Iron Barbs,,74,94,131,20,90
599,Klink,5,Normal,Steel,,0.3,21,Plus,Minus,40,55,70,30,130
600,Klang,5,Normal,Steel,,0.6,51,Plus,Minus,60,80,95,50,60
601,Klinklang,5,Normal,Steel,,0.6,81,Plus,Minus,60,100,115,90,30
602,Tynamo,5,Normal,Electric,,0.2,0.3,Levitate,,35,55,40,60,190
603,Eelektrik,5,Normal,Electric,,1.2,22,Levitate,,65,85,70,40,60
604,Eelektross,5,Normal,Electric,,2.1,80.5,Levitate,,85,115,80,50,30
605,Elgyem,5,Normal,Psychic,,0.5,9,Telepathy,Synchronize,55,55,55,30,255
606,Beheeyem,5,Normal,Psychic,,1,34.5,Telepathy,Synchronize,75,75,75,40,90
607,Litwick,5,Normal,Ghost,Fire,0.3,3.1,Flash Fire,Flame Body,50,30,55,20,190
608,Lampent,5,Normal,Ghost,Fire,0.6,13,Flash Fire,Flame Body,60,40,60,55,90
609,Chandelure,5,Normal,Ghost,Fire,1,34.3,Flash Fire,Flame Body,60,55,90,80,45
610,Axew,5,Normal,Dragon,,0.6,18,Rivalry,Mold Breaker,46,87,60,57,75
611,Fraxure,5,Normal,Dragon,,1,36,Rivalry,Mold Breaker,66,117,70,67,60
612,Haxorus,5,Normal,Dragon,,1.8,105.5,Rivalry,Mold Breaker,76,147,90,97,45
613,Cubchoo,5,Normal,Ice,,0.5,8.5,Snow Cloak,Slush Rush,55,70,40,40,120
614,Beartic,5,Normal,Ice,,2.6,260,Snow Cloak,Slush Rush,95,130,80,50,60
615,Cryogonal,5,Normal,Ice,,1.1,148,Levitate,,80,50,50,105,25
616,Shelmet,5,Normal,Bug,,0.4,7.7,Hydration,Shell Armor,50,40,85,25,200
617,Accelgor,5,Normal,Bug,,0.8,25.3,Hydration,Sticky Hold,80,70,40,145,75
618,Stunfisk,5,Normal,Ground,Electric,0.7,11,Static,Limber,109,66,84,32,75
618,Galarian Stunfisk,5,Normal,Ground,Steel,0.7,20.5,Mimicry,,109,81,99,32,
619,Mienfoo,5,Normal,Fighting,,0.9,20,Inner Focus,Regenerator,45,85,50,65,180
620,Mienshao,5,Normal,Fighting,,1.4,35.5,Inner Focus,Regenerator,65,125,60,105,45
621,Druddigon,5,Normal,Dragon,,1.6,139,Rough Skin,Sheer Force,77,120,90,48,45
622,Golett,5,Normal,Ground,Ghost,1,92,Iron Fist,Klutz,59,74,50,35,190
623,Golurk,5,Normal,Ground,Ghost,2.8,330,Iron Fist,Klutz,89,124,80,55,90
624,Pawniard,5,Normal,Dark,Steel,0.5,10.2,Defiant,Inner Focus,45,85,70,60,120
625,Bisharp,5,Normal,Dark,Steel,1.6,70,Defiant,Inner Focus,65,125,100,70,45
626,Bouffalant,5,Normal,Normal,,1.6,94.6,Reckless,Sap Sipper,95,110,95,55,45
627,Rufflet,5,Normal,Normal,Flying,0.5,10.5,Keen Eye,Sheer Force,70,83,50,60,190
628,Braviary,5,Normal,Normal,Flying,1.5,41,Keen Eye,Sheer Force,100,123,75,80,60
629,Vullaby,5,Normal,Dark,Flying,0.5,9,Big Pecks,Overcoat,70,55,75,60,190
630,Mandibuzz,5,Normal,Dark,Flying,1.2,39.5,Big Pecks,Overcoat,110,65,105,80,60
631,Heatmor,5,Normal,Fire,,1.4,58,Gluttony,Flash Fire,85,97,66,65,90
632,Durant,5,Normal,Bug,Steel,0.3,33,Swarm,Hustle,58,109,112,109,90
633,Deino,5,Normal,Dark,Dragon,0.8,17.3,Hustle,,52,65,50,38,45
634,Zweilous,5,Normal,Dark,Dragon,1.4,50,Hustle,,72,85,70,58,45
635,Hydreigon,5,Normal,Dark,Dragon,1.8,160,Levitate,,92,105,90,98,45
636,Larvesta,5,Normal,Bug,Fire,1.1,28.8,Flame Body,,55,85,55,60,45
637,Volcarona,5,Normal,Bug,Fire,1.6,46,Flame Body,,85,60,65,100,15
638,Cobalion,5,Sub Legendary,Steel,Fighting,2.1,250,Justified,,91,90,129,108,3
639,Terrakion,5,Sub Legendary,Rock,Fighting,1.9,260,Justified,,91,129,90,108,3
640,Virizion,5,Sub Legendary,Grass,Fighting,2,200,Justified,,91,90,72,108,3
641,Tornadus Incarnate Forme,5,Sub Legendary,Flying,,1.5,63,Prankster,,79,115,70,111,3
641,Tornadus Therian Forme,5,Sub Legendary,Flying,,1.4,63,Regenerator,,79,100,80,121,3
642,Thundurus Incarnate Forme,5,Sub Legendary,Electric,Flying,1.5,61,Prankster,,79,115,70,111,3
642,Thundurus Therian Forme,5,Sub Legendary,Electric,Flying,3,61,Volt Absorb,,79,105,70,101,3
643,Reshiram,5,Legendary,Dragon,Fire,3.2,330,Turboblaze,,100,120,100,90,3
644,Zekrom,5,Legendary,Dragon,Electric,2.9,345,Teravolt,,100,150,120,90,3
645,Landorus Incarnate Forme,5,Sub Legendary,Ground,Flying,1.5,68,Sand Force,,89,125,90,101,3
645,Landorus Therian Forme,5,Sub Legendary,Ground,Flying,1.3,68,Intimidate,,89,145,90,91,3
646,Kyurem,5,Legendary,Dragon,Ice,3,325,Pressure,,125,130,90,95,3
646,Black Kyurem,5,Legendary,Dragon,Ice,3.3,325,Teravolt,,125,170,100,95,3
646,White Kyurem,5,Legendary,Dragon,Ice,3.6,325,Turboblaze,,125,120,90,95,3
647,Keldeo Ordinary Forme,5,Mythical,Water,Fighting,1.4,48.5,Justified,,91,72,90,108,3
647,Keldeo Resolute Forme,5,Mythical,Water,Fighting,1.4,48.5,Justified,,91,72,90,108,3
648,Meloetta Aria Forme,5,Mythical,Normal,Psychic,0.6,6.5,Serene Grace,,100,77,77,90,3
648,Meloetta Pirouette Forme,5,Mythical,Normal,Fighting,0.6,6.5,Serene Grace,,100,128,90,128,3
649,Genesect,5,Mythical,Bug,Steel,1.5,82.5,Download,,71,120,95,99,3
650,Chespin,6,Normal,Grass,,0.4,9,Overgrow,,56,61,65,38,45
651,Quilladin,6,Normal,Grass,,0.7,29,Overgrow,,61,78,95,57,45
652,Chesnaught,6,Normal,Grass,Fighting,1.6,90,Overgrow,,88,107,122,64,45
653,Fennekin,6,Normal,Fire,,0.4,9.4,Blaze,,40,45,40,60,45
654,Braixen,6,Normal,Fire,,1,14.5,Blaze,,59,59,58,73,45
655,Delphox,6,Normal,Fire,Psychic,1.5,39,Blaze,,75,69,72,104,45
656,Froakie,6,Normal,Water,,0.3,7,Torrent,,41,56,40,71,45
657,Frogadier,6,Normal,Water,,0.6,10.9,Torrent,,54,63,52,97,45
658,Greninja,6,Normal,Water,Dark,1.5,40,Torrent,,72,95,67,122,45
658,Ash-Greninja,6,Normal,Water,Dark,1.5,40,Battle Bond,,72,145,67,132,45
659,Bunnelby,6,Normal,Normal,,0.4,5,Pickup,Cheek Pouch,38,36,38,57,255
660,Diggersby,6,Normal,Normal,Ground,1,42.4,Pickup,Cheek Pouch,85,56,77,78,127
661,Fletchling,6,Normal,Normal,Flying,0.3,1.7,Big Pecks,,45,50,43,62,255
662,Fletchinder,6,Normal,Fire,Flying,0.7,16,Flame Body,,62,73,55,84,120
663,Talonflame,6,Normal,Fire,Flying,1.2,24.5,Flame Body,,78,81,71,126,45
664,Scatterbug,6,Normal,Bug,,0.3,2.5,Shield Dust,Compound Eyes,38,35,40,35,255
665,Spewpa,6,Normal,Bug,,0.3,8.4,Shed Skin,,45,22,60,29,120
666,Vivillon,6,Normal,Bug,Flying,1.2,17,Shield Dust,Compound Eyes,80,52,50,89,45
667,Litleo,6,Normal,Fire,Normal,0.6,13.5,Rivalry,Unnerve,62,50,58,72,220
668,Pyroar,6,Normal,Fire,Normal,1.5,81.5,Rivalry,Unnerve,86,68,72,106,65
669,Flabébé,6,Normal,Fairy,,0.1,0.1,Flower Veil,,44,38,39,42,225
670,Floette,6,Normal,Fairy,,0.2,0.9,Flower Veil,,54,45,47,52,120
671,Florges,6,Normal,Fairy,,1.1,10,Flower Veil,,78,65,68,75,45
672,Skiddo,6,Normal,Grass,,0.9,31,Sap Sipper,,66,65,48,52,200
673,Gogoat,6,Normal,Grass,,1.7,91,Sap Sipper,,123,100,62,68,45
674,Pancham,6,Normal,Fighting,,0.6,8,Iron Fist,Mold Breaker,67,82,62,43,220
675,Pangoro,6,Normal,Fighting,Dark,2.1,136,Iron Fist,Mold Breaker,95,124,78,58,65
676,Furfrou,6,Normal,Normal,,1.2,28,Fur Coat,,75,80,60,102,160
677,Espurr,6,Normal,Psychic,,0.3,3.5,Keen Eye,Infiltrator,62,48,54,68,190
678,Meowstic Male,6,Normal,Psychic,,0.6,8.5,Keen Eye,Infiltrator,74,48,76,104,75
678,Meowstic Female,6,Normal,Psychic,,0.6,8.5,Keen Eye,Infiltrator,74,48,76,104,75
679,Honedge,6,Normal,Steel,Ghost,0.8,2,No Guard,,45,80,100,28,180
680,Doublade,6,Normal,Steel,Ghost,0.8,4.5,No Guard,,59,110,150,35,90
681,Aegislash Blade Forme,6,Normal,Steel,Ghost,1.7,53,Stance Change,,60,150,50,60,45
681,Aegislash Shield Forme,6,Normal,Steel,Ghost,1.7,53,Stance Change,,60,50,150,60,45
682,Spritzee,6,Normal,Fairy,,0.2,0.5,Healer,,78,52,60,23,200
683,Aromatisse,6,Normal,Fairy,,0.8,15.5,Healer,,101,72,72,29,140
684,Swirlix,6,Normal,Fairy,,0.4,3.5,Sweet Veil,,62,48,66,49,200
685,Slurpuff,6,Normal,Fairy,,0.8,5,Sweet Veil,,82,80,86,72,140
686,Inkay,6,Normal,Dark,Psychic,0.4,3.5,Contrary,Suction Cups,53,54,53,45,190
687,Malamar,6,Normal,Dark,Psychic,1.5,47,Contrary,Suction Cups,86,92,88,73,80
688,Binacle,6,Normal,Rock,Water,0.5,31,Sniper,Tough Claws,42,52,67,50,120
689,Barbaracle,6,Normal,Rock,Water,1.3,96,Sniper,Tough Claws,72,105,115,68,45
690,Skrelp,6,Normal,Poison,Water,0.5,7.3,Poison Point,Poison Touch,50,60,60,30,225
691,Dragalge,6,Normal,Poison,Dragon,1.8,81.5,Poison Point,Poison Touch,65,75,90,44,55
692,Clauncher,6,Normal,Water,,0.5,8.3,Mega Launcher,,50,53,62,44,225
693,Clawitzer,6,Normal,Water,,1.3,35.3,Mega Launcher,,71,73,88,59,55
694,Helioptile,6,Normal,Electric,Normal,0.5,6,Dry Skin,Sand Veil,44,38,33,70,190
695,Heliolisk,6,Normal,Electric,Normal,1,21,Dry Skin,Sand Veil,62,55,52,109,75
696,Tyrunt,6,Normal,Rock,Dragon,0.8,26,Strong Jaw,,58,89,77,48,45
697,Tyrantrum,6,Normal,Rock,Dragon,2.5,270,Strong Jaw,,82,121,119,71,45
698,Amaura,6,Normal,Rock,Ice,1.3,25.2,Refrigerate,,77,59,50,46,45
699,Aurorus,6,Normal,Rock,Ice,2.7,225,Refrigerate,,123,77,72,58,45
700,Sylveon,6,Normal,Fairy,,1,23.5,Cute Charm,,95,65,65,60,45
701,Hawlucha,6,Normal,Fighting,Flying,0.8,21.5,Limber,Unburden,78,92,75,118,100
702,Dedenne,6,Normal,Electric,Fairy,0.2,2.2,Cheek Pouch,Pickup,67,58,57,101,180
703,Carbink,6,Normal,Rock,Fairy,0.3,5.7,Clear Body,,50,50,150,50,60
704,Goomy,6,Normal,Dragon,,0.3,2.8,Sap Sipper,Hydration,45,50,35,40,45
705,Sliggoo,6,Normal,Dragon,,0.8,17.5,Sap Sipper,Hydration,68,75,53,60,45
706,Goodra,6,Normal,Dragon,,2,150.5,Sap Sipper,Hydration,90,100,70,80,45
707,Klefki,6,Normal,Steel,Fairy,0.2,3,Prankster,,57,80,91,75,75
708,Phantump,6,Normal,Ghost,Grass,0.4,7,Natural Cure,Frisk,43,70,48,38,120
709,Trevenant,6,Normal,Ghost,Grass,1.5,71,Natural Cure,Frisk,85,110,76,56,60
710,Pumpkaboo Average Size,6,Normal,Ghost,Grass,0.4,5,Pickup,Frisk,49,66,70,51,120
710,Pumpkaboo Small Size,6,Normal,Ghost,Grass,0.3,3.5,Pickup,Frisk,44,66,70,56,120
710,Pumpkaboo Large Size,6,Normal,Ghost,Grass,0.5,7.5,Pickup,Frisk,54,66,70,46,120
710,Pumpkaboo Super Size,6,Normal,Ghost,Grass,0.8,15,Pickup,Frisk,59,66,70,41,120
711,Gourgeist Average Size,6,Normal,Ghost,Grass,0.9,12.5,Pickup,Frisk,65,90,122,84,60
711,Gourgeist Small Size,6,Normal,Ghost,Grass,0.7,9.5,Pickup,Frisk,55,85,122,99,60
711,Gourgeist Large Size,6,Normal,Ghost,Grass,1.1,14,Pickup,Frisk,75,95,122,69,60
711,Gourgeist Super Size,6,Normal,Ghost,Grass,1.7,39,Pickup,Frisk,85,100,122,54,60
712,Bergmite,6,Normal,Ice,,1,99.5,Own Tempo,Ice Body,55,69,85,28,190
713,Avalugg,6,Normal,Ice,,2,505,Own Tempo,Ice Body,95,117,184,28,55
714,Noibat,6,Normal,Flying,Dragon,0.5,8,Frisk,Infiltrator,40,30,35,55,190
715,Noivern,6,Normal,Flying,Dragon,1.5,85,Frisk,Infiltrator,85,70,80,123,45
716,Xerneas,6,Legendary,Fairy,,3,215,Fairy Aura,,126,131,95,99,45
717,Yveltal,6,Legendary,Dark,Flying,5.8,203,Dark Aura,,126,131,95,99,45
718,Zygarde 50% Forme,6,Legendary,Dragon,Ground,5,305,Aura Break,Power Construct,108,100,121,95,3
718,Zygarde 10% Forme,6,Legendary,Dragon,Ground,1.2,33.5,Aura Break,Power Construct,54,100,71,115,3
718,Zygarde Complete Forme,6,Legendary,Dragon,Ground,4.5,610,Power Construct,,216,100,121,85,3
719,Diancie,6,Mythical,Rock,Fairy,0.7,8.8,Clear Body,,50,100,150,50,3
719,Mega Diancie,6,Mythical,Rock,Fairy,1.1,27.8,Magic Bounce,,50,160,110,110,3
720,Hoopa Hoopa Confined,6,Mythical,Psychic,Ghost,0.5,9,Magician,,80,110,60,70,3
720,Hoopa Hoopa Unbound,6,Mythical,Psychic,Dark,6.5,490,Magician,,80,160,60,80,3
721,Volcanion,6,Mythical,Fire,Water,1.7,195,Water Absorb,,80,110,120,70,3
722,Rowlet,7,Normal,Grass,Flying,0.3,1.5,Overgrow,,68,55,55,42,45
723,Dartrix,7,Normal,Grass,Flying,0.7,16,Overgrow,,78,75,75,52,45
724,Decidueye,7,Normal,Grass,Ghost,1.6,36.6,Overgrow,,78,107,75,70,45
725,Litten,7,Normal,Fire,,0.4,4.3,Blaze,,45,65,40,70,45
726,Torracat,7,Normal,Fire,,0.7,25,Blaze,,65,85,50,90,45
727,Incineroar,7,Normal,Fire,Dark,1.8,83,Blaze,,95,115,90,60,45
728,Popplio,7,Normal,Water,,0.4,7.5,Torrent,,50,54,54,40,45
729,Brionne,7,Normal,Water,,0.6,17.5,Torrent,,60,69,69,50,45
730,Primarina,7,Normal,Water,Fairy,1.8,44,Torrent,,80,74,74,60,45
731,Pikipek,7,Normal,Normal,Flying,0.3,1.2,Keen Eye,Skill Link,35,75,30,65,255
732,Trumbeak,7,Normal,Normal,Flying,0.6,14.8,Keen Eye,Skill Link,55,85,50,75,120
733,Toucannon,7,Normal,Normal,Flying,1.1,26,Keen Eye,Skill Link,80,120,75,60,45
734,Yungoos,7,Normal,Normal,,0.4,6,Strong Jaw,Stakeout,48,70,30,45,255
735,Gumshoos,7,Normal,Normal,,0.7,14.2,Strong Jaw,Stakeout,88,110,60,45,127
736,Grubbin,7,Normal,Bug,,0.4,4.4,Swarm,,47,62,45,46,255
737,Charjabug,7,Normal,Bug,Electric,0.5,10.5,Battery,,57,82,95,36,120
738,Vikavolt,7,Normal,Bug,Electric,1.5,45,Levitate,,77,70,90,43,45
739,Crabrawler,7,Normal,Fighting,,0.6,7,Hyper Cutter,Iron Fist,47,82,57,63,225
740,Crabominable,7,Normal,Fighting,Ice,1.7,180,Hyper Cutter,Iron Fist,97,132,77,43,60
741,Oricorio Baile Style,7,Normal,Fire,Flying,0.6,3.4,Dancer,,75,70,70,93,45
741,Oricorio Pom-Pom Style,7,Normal,Electric,Flying,0.6,3.4,Dancer,,75,70,70,93,45
741,Oricorio Pa'u Style,7,Normal,Psychic,Flying,0.6,3.4,Dancer,,75,70,70,93,45
741,Oricorio Sensu Style,7,Normal,Ghost,Flying,0.6,3.4,Dancer,,75,70,70,93,45
742,Cutiefly,7,Normal,Bug,Fairy,0.1,0.2,Honey Gather,Shield Dust,40,45,40,84,190
743,Ribombee,7,Normal,Bug,Fairy,0.2,0.5,Honey Gather,Shield Dust,60,55,60,124,75
744,Rockruff,7,Normal,Rock,,0.5,9.2,Keen Eye,Vital Spirit,45,65,40,60,190
744,Own Tempo Rockruff,7,Normal,Rock,,0.5,9.2,Own Tempo,,45,65,40,60,190
745,Lycanroc Midday Form,7,Normal,Rock,,0.8,25,Keen Eye,Sand Rush,75,115,65,112,90
745,Lycanroc Midnight Form,7,Normal,Rock,,1.1,25,Keen Eye,Vital Spirit,85,115,75,82,90
745,Lycanroc Dusk Form,7,Normal,Rock,,0.8,25,Tough Claws,,75,117,65,110,90
746,Wishiwashi Solo Form,7,Normal,Water,,0.2,0.3,Schooling,,45,20,20,40,60
746,Wishiwashi School Form,7,Normal,Water,,8.2,78.6,Schooling,,45,140,130,30,60
747,Mareanie,7,Normal,Poison,Water,0.4,8,Merciless,Limber,50,53,62,45,190
748,Toxapex,7,Normal,Poison,Water,0.7,14.5,Merciless,Limber,50,63,152,35,75
749,Mudbray,7,Normal,Ground,,1,110,Own Tempo,Stamina,70,100,70,45,190
750,Mudsdale,7,Normal,Ground,,2.5,920,Own Tempo,Stamina,100,125,100,35,60
751,Dewpider,7,Normal,Water,Bug,0.3,4,Water Bubble,,38,40,52,27,200
752,Araquanid,7,Normal,Water,Bug,1.8,82,Water Bubble,,68,70,92,42,100
753,Fomantis,7,Normal,Grass,,0.3,1.5,Leaf Guard,,40,55,35,35,190
754,Lurantis,7,Normal,Grass,,0.9,18.5,Leaf Guard,,70,105,90,45,75
755,Morelull,7,Normal,Grass,Fairy,0.2,1.5,Illuminate,Effect Spore,40,35,55,15,190
756,Shiinotic,7,Normal,Grass,Fairy,1,11.5,Illuminate,Effect Spore,60,45,80,30,75
757,Salandit,7,Normal,Poison,Fire,0.6,4.8,Corrosion,,48,44,40,77,120
758,Salazzle,7,Normal,Poison,Fire,1.2,22.2,Corrosion,,68,64,60,117,45
759,Stufful,7,Normal,Normal,Fighting,0.5,6.8,Fluffy,Klutz,70,75,50,50,140
760,Bewear,7,Normal,Normal,Fighting,2.1,135,Fluffy,Klutz,120,125,80,60,70
761,Bounsweet,7,Normal,Grass,,0.3,3.2,Leaf Guard,Oblivious,42,30,38,32,235
762,Steenee,7,Normal,Grass,,0.7,8.2,Leaf Guard,Oblivious,52,40,48,62,120
763,Tsareena,7,Normal,Grass,,1.2,21.4,Leaf Guard,Queenly Majesty,72,120,98,72,45
764,Comfey,7,Normal,Fairy,,0.1,0.3,Flower Veil,Triage,51,52,90,100,60
765,Oranguru,7,Normal,Normal,Psychic,1.5,76,Inner Focus,Telepathy,90,60,80,60,45
766,Passimian,7,Normal,Fighting,,2,82.8,Receiver,,100,120,90,80,45
767,Wimpod,7,Normal,Bug,Water,0.5,12,Wimp Out,,25,35,40,80,90
768,Golisopod,7,Normal,Bug,Water,2,108,Emergency Exit,,75,125,140,40,45
769,Sandygast,7,Normal,Ghost,Ground,0.5,70,Water Compaction,,55,55,80,15,140
770,Palossand,7,Normal,Ghost,Ground,1.3,250,Water Compaction,,85,75,110,35,60
771,Pyukumuku,7,Normal,Water,,0.3,1.2,Innards Out,,55,60,130,5,60
772,Type: Null,7,Sub Legendary,Normal,,1.9,120.5,Battle Armor,,95,95,95,59,3
773,Silvally,7,Sub Legendary,Normal,,2.3,100.5,RKS System,,95,95,95,95,3
774,Minior Meteor Form,7,Normal,Rock,Flying,0.3,40,Shields Down,,60,60,100,60,30
774,Minior Core Form,7,Normal,Rock,Flying,0.3,0.3,Shields Down,,60,100,60,120,30
775,Komala,7,Normal,Normal,,0.4,19.9,Comatose,,65,115,65,65,45
776,Turtonator,7,Normal,Fire,Dragon,2,212,Shell Armor,,60,78,135,36,70
777,Togedemaru,7,Normal,Electric,Steel,0.3,3.3,Iron Barbs,Lightning Rod,65,98,63,96,180
778,Mimikyu,7,Normal,Ghost,Fairy,0.2,0.7,Disguise,,55,90,80,96,45
779,Bruxish,7,Normal,Water,Psychic,0.9,19,Dazzling,Strong Jaw,68,105,70,92,80
780,Drampa,7,Normal,Normal,Dragon,3,185,Berserk,Sap Sipper,78,60,85,36,70
781,Dhelmise,7,Normal,Ghost,Grass,3.9,210,Steelworker,,70,131,100,40,25
782,Jangmo-o,7,Normal,Dragon,,0.6,29.7,Bulletproof,Soundproof,45,55,65,45,45
783,Hakamo-o,7,Normal,Dragon,Fighting,1.2,47,Bulletproof,Soundproof,55,75,90,65,45
784,Kommo-o,7,Normal,Dragon,Fighting,1.6,78.2,Bulletproof,Soundproof,75,110,125,85,45
785,Tapu Koko,7,Sub Legendary,Electric,Fairy,1.8,20.5,Electric Surge,,70,115,85,130,3
786,Tapu Lele,7,Sub Legendary,Psychic,Fairy,1.2,18.6,Psychic Surge,,70,85,75,95,3
787,Tapu Bulu,7,Sub Legendary,Grass,Fairy,1.9,45.5,Grassy Surge,,70,130,115,75,3
788,Tapu Fini,7,Sub Legendary,Water,Fairy,1.3,21.2,Misty Surge,,70,75,115,85,3
789,Cosmog,7,Legendary,Psychic,,0.2,0.1,Unaware,,43,29,31,37,45
790,Cosmoem,7,Legendary,Psychic,,0.1,999.9,Sturdy,,43,29,131,37,45
791,Solgaleo,7,Legendary,Psychic,Steel,3.4,230,Full Metal Body,,137,137,107,97,45
792,Lunala,7,Legendary,Psychic,Ghost,4,120,Shadow Shield,,137,113,89,97,45
793,Nihilego,7,Sub Legendary,Rock,Poison,1.2,55.5,Beast Boost,,109,53,47,103,45
794,Buzzwole,7,Sub Legendary,Bug,Fighting,2.4,333.6,Beast Boost,,107,139,139,79,45
795,Pheromosa,7,Sub Legendary,Bug,Fighting,1.8,25,Beast Boost,,71,137,37,151,45
796,Xurkitree,7,Sub Legendary,Electric,,3.8,100,Beast Boost,,83,89,71,83,45
797,Celesteela,7,Sub Legendary,Steel,Flying,9.2,999.9,Beast Boost,,97,101,103,61,45
798,Kartana,7,Sub Legendary,Grass,Steel,0.3,0.1,Beast Boost,,59,181,131,109,45
799,Guzzlord,7,Sub Legendary,Dark,Dragon,5.5,888,Beast Boost,,223,101,53,43,45
800,Necrozma,7,Legendary,Psychic,,2.4,230,Prism Armor,,97,107,101,79,255
800,Dusk Mane Necrozma,7,Legendary,Psychic,Steel,3.8,460,Prism Armor,,97,157,127,77,3
800,Dawn Wings Necrozma,7,Legendary,Psychic,Ghost,4.2,350,Prism Armor,,97,113,109,77,3
800,Ultra Necrozma,7,Legendary,Psychic,Dragon,7.5,230,Neuroforce,,97,167,97,129,3
801,Magearna,7,Mythical,Steel,Fairy,1,80.5,Soul-Heart,,80,95,115,65,3
802,Marshadow,7,Mythical,Fighting,Ghost,0.7,22.2,Technician,,90,125,80,125,3
803,Poipole,7,Sub Legendary,Poison,,0.6,1.8,Beast Boost,,67,73,67,73,45
804,Naganadel,7,Sub Legendary,Poison,Dragon,3.6,150,Beast Boost,,73,73,73,121,45
805,Stakataka,7,Sub Legendary,Rock,Steel,5.5,820,Beast Boost,,61,131,211,13,30
806,Blacephalon,7,Sub Legendary,Fire,Ghost,1.8,13,Beast Boost,,53,127,53,107,30
807,Zeraora,7,Mythical,Electric,,1.5,44.5,Volt Absorb,,88,112,75,143,3
808,Meltan,7,Mythical,Steel,,0.2,8,Magnet Pull,,46,65,65,34,
809,Melmetal,7,Mythical,Steel,,2.5,800,Iron Fist,,135,143,143,34,
810,Grookey,8,Normal,Grass,,0.3,5,Overgrow,,50,65,50,65,
811,Thwackey,8,Normal,Grass,,0.7,14,Overgrow,,70,85,70,80,
812,Rillaboom,8,Normal,Grass,,2.1,90,Overgrow,,100,125,90,85,
813,Scorbunny,8,Normal,Fire,,0.3,4.5,Blaze,,50,71,40,69,
814,Raboot,8,Normal,Fire,,0.6,9,Blaze,,65,86,60,94,
815,Cinderace,8,Normal,Fire,,1.4,33,Blaze,,80,116,75,119,
816,Sobble,8,Normal,Water,,0.3,4,Torrent,,50,40,40,70,
817,Drizzile,8,Normal,Water,,0.7,11.5,Torrent,,65,60,55,90,
818,Inteleon,8,Normal,Water,,1.9,45.2,Torrent,,70,85,65,120,
819,Skwovet,8,Normal,Normal,,0.3,2.5,Cheek Pouch,,70,55,55,25,
820,Greedent,8,Normal,Normal,,0.6,6,Cheek Pouch,,120,95,95,20,
821,Rookidee,8,Normal,Flying,,0.2,1.8,Keen Eye,Unnerve,38,47,35,57,
822,Corvisquire,8,Normal,Flying,,0.8,16,Keen Eye,Unnerve,68,67,55,77,
823,Corviknight,8,Normal,Flying,Steel,2.2,75,Pressure,Unnerve,98,87,105,67,
824,Blipbug,8,Normal,Bug,,0.4,8,Swarm,Compound Eyes,25,20,20,45,
825,Dottler,8,Normal,Bug,Psychic,0.4,19.5,Swarm,Compound Eyes,50,35,80,30,
826,Orbeetle,8,Normal,Bug,Psychic,0.4,40.8,Swarm,Frisk,60,45,110,90,
827,Nickit,8,Normal,Dark,,0.6,8.9,Run Away,Unburden,40,28,28,50,
828,Thievul,8,Normal,Dark,,1.2,19.9,Run Away,Unburden,70,58,58,90,
829,Gossifleur,8,Normal,Grass,,0.4,2.2,Cotton Down,Regenerator,40,40,60,10,
830,Eldegoss,8,Normal,Grass,,0.5,2.5,Cotton Down,Regenerator,60,50,90,60,
831,Wooloo,8,Normal,Normal,,0.6,6,Fluffy,Run Away,42,40,55,48,
832,Dubwool,8,Normal,Normal,,1.3,43,Fluffy,Steadfast,72,80,100,88,
833,Chewtle,8,Normal,Water,,0.3,8.5,Strong Jaw,Shell Armor,50,64,50,44,
834,Drednaw,8,Normal,Water,Rock,1,115.5,Strong Jaw,Shell Armor,90,115,90,74,
835,Yamper,8,Normal,Electric,,0.3,13.5,Ball Fetch,,59,45,50,26,
836,Boltund,8,Normal,Electric,,1,34,Strong Jaw,,69,90,60,121,
837,Rolycoly,8,Normal,Rock,,0.3,12,Steam Engine,Heatproof,30,40,50,30,
838,Carkol,8,Normal,Rock,Fire,1.1,78,Steam Engine,Flame Body,80,60,90,50,
839,Coalossal,8,Normal,Rock,Fire,2.8,310.5,Steam Engine,Flame Body,110,80,120,30,
840,Applin,8,Normal,Grass,Dragon,0.2,0.5,Ripen,Gluttony,40,40,80,20,
841,Flapple,8,Normal,Grass,Dragon,0.3,1,Ripen,Gluttony,70,110,80,70,
842,Appletun,8,Normal,Grass,Dragon,0.4,13,Ripen,Gluttony,110,85,80,30,
843,Silicobra,8,Normal,Ground,,2.2,7.6,Sand Spit,Shed Skin,52,57,75,46,
844,Sandaconda,8,Normal,Ground,,3.8,65.5,Sand Spit,Shed Skin,72,107,125,71,
845,Cramorant,8,Normal,Flying,Water,0.8,18,Gulp Missile,,70,85,55,85,
846,Arrokuda,8,Normal,Water,,0.5,1,Swift Swim,,41,63,40,66,
847,Barraskewda,8,Normal,Water,,1.3,30,Swift Swim,,61,123,60,136,
848,Toxel,8,Normal,Electric,Poison,0.4,11,Rattled,Static,40,38,35,40,
849,Toxtricity Low Key Form,8,Normal,Electric,Poison,1.6,40,Punk Rock,Minus,75,98,70,75,
849,Toxtricity Amped Form,8,Normal,Electric,Poison,1.6,40,Punk Rock,Plus,75,98,70,75,
850,Sizzlipede,8,Normal,Fire,Bug,0.7,1,Flash Fire,White Smoke,50,65,45,45,
851,Centiskorch,8,Normal,Fire,Bug,3,120,Flash Fire,White Smoke,100,115,65,65,
852,Clobbopus,8,Normal,Fighting,,0.6,4,Limber,,50,68,60,32,
853,Grapploct,8,Normal,Fighting,,1.6,39,Limber,,80,118,90,42,
854,Sinistea,8,Normal,Ghost,,0.1,0.2,Weak Armor,,40,45,45,50,
855,Polteageist,8,Normal,Ghost,,0.2,0.4,Weak Armor,,60,65,65,70,
856,Hatenna,8,Normal,Psychic,,0.4,3.4,Healer,Anticipation,42,30,45,39,
857,Hattrem,8,Normal,Psychic,,0.6,4.8,Healer,Anticipation,57,40,65,49,
858,Hatterene,8,Normal,Psychic,Fairy,2.1,5,Healer,Anticipation,57,90,95,29,
859,Impidimp,8,Normal,Dark,Fairy,0.4,5.5,Prankster,Frisk,45,45,30,50,
860,Morgrem,8,Normal,Dark,Fairy,0.8,12.5,Prankster,Frisk,65,60,45,70,
861,Grimmsnarl,8,Normal,Dark,Fairy,1.5,61,Prankster,Frisk,95,120,65,60,
862,Obstagoon,8,Normal,Dark,Normal,1.6,46,Reckless,Guts,93,90,101,95,
863,Perrserker,8,Normal,Steel,,0.8,28,Battle Armor,Tough Claws,70,110,100,50,
864,Cursola,8,Normal,Ghost,,1,0.4,Weak Armor,,60,95,50,30,
865,Sirfetch'd,8,Normal,Fighting,,0.8,117,Steadfast,,62,135,95,65,
866,Mr. Rime,8,Normal,Psychic,Ice,1.5,58.2,Tangled Feet,Screen Cleaner,80,85,75,70,
867,Runerigus,8,Normal,Ground,Ghost,1.6,66.6,Wandering Spirit,,58,95,145,30,
868,Milcery,8,Normal,Fairy,,0.2,0.3,Sweet Veil,,45,40,40,34,
869,Alcremie,8,Normal,Fairy,,0.3,0.5,Sweet Veil,,65,60,75,64,
870,Falinks,8,Normal,Fighting,,3,62,Battle Armor,,65,100,100,75,
871,Pincurchin,8,Normal,Electric,,0.3,1,Lightning Rod,,48,101,95,15,
872,Snom,8,Normal,Ice,Bug,0.3,3.8,Shield Dust,,30,25,35,20,
873,Frosmoth,8,Normal,Ice,Bug,1.3,42,Shield Dust,,70,65,60,65,
874,Stonjourner,8,Normal,Rock,,2.5,520,Power Spot,,100,125,135,70,
875,Eiscue Ice Face,8,Normal,Ice,,1.4,89,Ice Face,,75,80,110,50,
875,Eiscue Noice Face,8,Normal,Ice,,1.4,89,Ice Face,,75,80,70,130,
876,Indeedee Male,8,Normal,Psychic,Normal,0.9,28,Inner Focus,Synchronize,60,65,55,95,
876,Indeedee Female,8,Normal,Psychic,Normal,0.9,28,Own Tempo,Synchronize,70,55,65,85,
877,Morpeko Full Belly Mode,8,Normal,Electric,Dark,0.3,3,Hunger Switch,,58,95,58,97,
877,Morpeko Hangry Mode,8,Normal,Electric,Dark,0.3,3,Hunger Switch,,58,95,58,97,
878,Cufant,8,Normal,Steel,,1.2,100,Sheer Force,,72,80,49,40,
879,Copperajah,8,Normal,Steel,,3,650,Sheer Force,,122,130,69,30,
880,Dracozolt,8,Normal,Electric,Dragon,1.8,190,Volt Absorb,Hustle,90,100,90,75,
881,Arctozolt,8,Normal,Electric,Ice,2.3,150,Volt Absorb,Static,90,100,90,55,
882,Dracovish,8,Normal,Water,Dragon,2.3,215,Water Absorb,Strong Jaw,90,90,100,75,
883,Arctovish,8,Normal,Water,Ice,2,175,Water Absorb,Ice Body,90,90,100,55,
884,Duraludon,8,Normal,Steel,Dragon,1.8,40,Light Metal,Heavy Metal,70,95,115,85,
885,Dreepy,8,Normal,Dragon,Ghost,0.5,2,Clear Body,Infiltrator,28,60,30,82,
886,Drakloak,8,Normal,Dragon,Ghost,1.4,11,Clear Body,Infiltrator,68,80,50,102,
887,Dragapult,8,Normal,Dragon,Ghost,3,50,Clear Body,Infiltrator,88,120,75,142,
888,Zacian Crowned Sword,8,Legendary,Fairy,Steel,2.8,355,Intrepid Sword,,92,170,115,148,
888,Zacian Hero of Many Battles,8,Legendary,Fairy,,2.8,110,Intrepid Sword,,92,130,115,138,
889,Zamazenta Crowned Shield,8,Legendary,Fighting,Steel,2.9,785,Dauntless Shield,,92,130,145,128,
889,Zamazenta Hero of Many Battles,8,Legendary,Fighting,,2.9,210,Dauntless Shield,,92,130,115,138,
890,Eternatus,8,Legendary,Poison,Dragon,20,950,Pressure,,140,85,95,130,
890,Eternatus Eternamax,8,Legendary,Poison,Dragon,100,,,,255,115,250,130,
